ApplicationNumber,OpenCredit,MonthlyCreditPayment,CreditHistory,MinBalance,ChequeBounce,DebitToDemat
10202,18600.0,365.0,76.0,4.0,No,No
10203,267000.0,4944.0,16.0,1.0,No,Yes
10204,470400.00000000006,10691.0,38.0,4.0,No,No
10205,531000.0000000001,11800.0,16.0,2.0,Yes,No
10209,130800.0,6884.0,63.0,2.0,Yes,Yes
10211,297500.0,18594.0,89.0,2.0,Yes,No
10213,284400.0,6464.0,10.0,0.0,No,No
10214,176000.0,12571.0,58.0,3.0,Yes,No
10215,100100.0,16683.0,10.0,1.0,No,No
10216,175500.0,10969.0,29.0,1.0,Yes,No
10218,38500.0,740.0,11.0,1.0,No,No
10220,108400.0,4015.0,75.0,0.0,No,No
10221,380400.00000000006,7177.0,43.0,2.0,No,Yes
10222,77400.00000000001,1843.0,30.0,0.0,Yes,Yes
10225,256900.00000000003,9515.0,12.0,1.0,No,No
10226,183600.0,10800.0,8.0,1.0,No,Yes
10227,16600.0,325.0,77.0,3.0,No,No
10228,484900.0,60612.0,0.0,2.0,No,No
10229,282800.0,40400.0,11.0,1.0,No,No
10230,123000.0,13667.0,35.0,1.0,No,No
10232,249000.0,4293.0,22.0,4.0,Yes,No
10233,338400.0,8677.0,21.0,2.0,No,No
10237,222600.00000000003,4839.0,23.0,1.0,No,No
10239,432000.0,21600.0,25.0,0.0,No,No
10240,30200.0,3356.0,13.0,2.0,No,No
10241,481000.0,10689.0,13.0,0.0,No,No
10243,48400.0,1076.0,39.0,0.0,No,No
10244,94900.0,3954.0,79.0,1.0,No,No
10245,275800.0,19700.0,59.0,1.0,Yes,No
10246,475200.00000000006,10330.0,3.0,1.0,No,No
10251,439200.00000000006,10457.0,67.0,0.0,No,Yes
10253,119600.0,9200.0,14.0,2.0,No,No
10257,211200.00000000003,5867.0,74.0,1.0,No,No
10258,488400.00000000006,20350.0,23.0,1.0,No,Yes
10261,162500.0,10833.0,2.0,0.0,No,No
10265,49100.0,1023.0,92.0,1.0,Yes,Yes
10266,121200.0,3673.0,17.0,0.0,No,Yes
10267,67500.0,2411.0,76.0,2.0,No,No
10268,818000.0,16039.0,71.0,0.0,Yes,No
10269,136500.0,2844.0,2.0,2.0,Yes,No
10270,92000.0,1769.0,41.0,1.0,Yes,Yes
10271,242000.0,8067.0,22.0,4.0,Yes,No
10273,208500.0,4633.0,15.0,0.0,No,No
10274,74600.0,2331.0,37.0,1.0,No,No
10277,191200.0,3541.0,35.0,0.0,No,No
10280,250400.0,5823.0,0.0,3.0,Yes,No
10284,110400.0,2984.0,68.0,1.0,No,No
10286,153000.0,2638.0,7.0,2.0,No,No
10288,17500.0,2188.0,48.0,1.0,No,No
10289,390000.00000000006,11818.0,5.0,4.0,Yes,Yes
10290,182500.0,7019.0,44.0,0.0,No,No
10291,693700.0000000001,173425.0,20.0,1.0,No,Yes
10292,467000.0,9729.0,29.0,1.0,No,No
10293,90600.0,1618.0,63.0,1.0,No,No
10296,19200.000000000004,533.0,7.0,1.0,Yes,No
10299,115600.0,3124.0,12.0,1.0,Yes,Yes
10300,480700.00000000006,21850.0,77.0,1.0,No,No
10301,282100.0,18807.0,6.0,1.0,Yes,No
10304,55000.0,6875.0,51.0,1.0,No,No
10306,123600.0,3987.0,22.0,3.0,No,No
10307,257600.00000000003,32200.0,38.0,2.0,No,No
10308,219600.00000000003,4991.0,13.0,2.0,No,No
10311,29200.0,749.0,55.0,3.0,No,No
10315,93000.0,2818.0,5.0,1.0,No,Yes
10317,475800.00000000006,22657.0,78.0,3.0,No,No
10318,176800.0,3400.0,21.0,1.0,No,No
10319,181300.00000000003,3555.0,12.0,0.0,Yes,No
10320,50500.0,1443.0,49.0,3.0,No,No
10324,204000.0,20400.0,49.0,2.0,No,No
10329,96000.0,9600.0,92.0,0.0,No,No
10331,122800.0,2729.0,77.0,1.0,No,No
10337,465000.0,8455.0,66.0,3.0,No,Yes
10338,0.0,0.0,54.0,1.0,No,No
10341,431200.00000000006,13475.0,93.0,0.0,No,No
10342,168500.0,12036.0,37.0,0.0,No,Yes
10343,68800.0,2372.0,66.0,2.0,No,Yes
10345,43200.0,1440.0,29.0,3.0,Yes,No
10346,194500.0,8841.0,35.0,2.0,No,Yes
10347,0.0,0.0,10.0,1.0,No,No
10348,42500.0,10625.0,20.0,1.0,No,Yes
10349,60500.0,1043.0,84.0,1.0,No,No
10350,101400.0,2897.0,13.0,1.0,No,No
10352,131300.0,8753.0,16.0,1.0,No,No
10354,151200.00000000006,12600.0,94.0,2.0,No,Yes
10357,305800.0,8494.0,52.0,3.0,Yes,No
10358,230400.00000000003,28800.0,60.0,1.0,No,Yes
10359,593600.0,26982.0,6.0,2.0,No,No
10361,243100.00000000003,11050.0,64.0,0.0,No,No
10362,260800.0,5670.0,87.0,1.0,Yes,No
10363,296000.0,6435.0,80.0,1.0,No,Yes
10364,83200.0,4894.0,2.0,1.0,No,No
10365,57000.0,3562.0,35.0,2.0,No,Yes
10366,68400.00000000001,4886.0,77.0,1.0,No,Yes
10367,13300.0,782.0,11.0,1.0,No,No
10370,426000.00000000006,8520.0,79.0,1.0,No,No
10372,265200.0000000001,29467.0,0.0,0.0,No,No
10374,466700.0,42427.0,85.0,0.0,No,Yes
10375,631400.0000000001,13154.0,9.0,1.0,No,Yes
10378,451500.0,112875.0,26.0,0.0,Yes,No
10380,272400.0,4617.0,57.0,2.0,Yes,Yes
10381,43600.0,765.0,42.0,1.0,No,No
10383,174400.0,3354.0,75.0,1.0,No,Yes
10385,14100.0,381.0,48.0,3.0,No,No
10386,241800.00000000003,10075.0,14.0,1.0,No,Yes
10387,39000.0,867.0,4.0,1.0,No,Yes
10391,258500.00000000003,28722.0,27.0,1.0,Yes,No
10393,226500.0,4719.0,57.0,1.0,No,No
10396,115800.0,2227.0,32.0,0.0,No,Yes
10397,13200.000000000002,264.0,17.0,1.0,Yes,Yes
10399,247800.00000000003,12390.0,5.0,1.0,No,No
10404,91700.0,3527.0,3.0,1.0,No,No
10405,302400.0,5214.0,13.0,3.0,No,No
10406,173600.0,7548.0,53.0,0.0,No,No
10408,36500.0,912.0,62.0,1.0,Yes,Yes
10409,99000.0,8250.0,76.0,3.0,Yes,No
10410,211500.0,7050.0,94.0,1.0,No,No
10412,96000.0,2043.0,80.0,1.0,No,No
10413,78000.0,2229.0,0.0,1.0,No,No
10417,144500.0,3705.0,94.0,1.0,No,No
10419,136800.0,12436.0,17.0,3.0,Yes,No
10420,216000.00000000003,4000.0,16.0,0.0,No,No
10422,288600.0000000001,9952.0,15.0,0.0,No,No
10425,118200.0,2627.0,11.0,3.0,No,No
10427,104300.0,4741.0,88.0,0.0,Yes,No
10428,259200.00000000003,23564.0,42.0,0.0,No,No
10432,114000.0,3677.0,43.0,3.0,No,No
10433,264600.0000000001,6300.0,30.0,1.0,No,Yes
10439,144000.00000000006,6545.0,73.0,1.0,No,No
10440,93500.0,10389.0,89.0,1.0,No,No
10441,70400.0,2011.0,19.0,2.0,Yes,Yes
10442,1349600.0000000002,26463.0,93.0,2.0,No,No
10443,198000.0,3356.0,21.0,1.0,No,No
10444,476500.0,16431.0,95.0,0.0,No,No
10447,56000.0,2074.0,19.0,1.0,No,Yes
10448,92800.0,1719.0,17.0,1.0,No,No
10451,266400.0000000001,9514.0,8.0,1.0,No,Yes
10455,227500.00000000003,4550.0,28.0,0.0,No,Yes
10457,309000.0,16263.0,9.0,1.0,No,No
10459,328000.0,12148.0,44.0,1.0,No,No
10460,60000.0,3333.0,29.0,0.0,No,No
10463,148500.0,3453.0,26.0,1.0,Yes,No
10464,65200.0,1863.0,65.0,2.0,No,No
10465,68000.0,1619.0,11.0,0.0,No,Yes
10467,183200.0,4071.0,81.0,3.0,Yes,No
10475,137200.0,2589.0,89.0,1.0,No,No
10476,207000.0,5049.0,53.0,0.0,Yes,Yes
10477,263900.0,6437.0,35.0,0.0,No,No
10478,223200.00000000003,6565.0,48.0,2.0,No,No
10479,247200.00000000003,6867.0,62.0,0.0,No,Yes
10480,372000.00000000006,46500.0,27.0,0.0,No,No
10481,223000.0,6969.0,82.0,3.0,No,No
10482,264800.0,12610.0,13.0,2.0,No,No
10484,67200.00000000001,11200.0,15.0,3.0,Yes,No
10485,323400.0000000001,8741.0,67.0,2.0,No,No
10492,180900.0,8223.0,66.0,1.0,No,Yes
10493,35000.0,2188.0,48.0,1.0,No,Yes
10494,94000.0,1808.0,1.0,2.0,No,No
10495,388800.0,77760.0,87.0,0.0,No,No
10497,137500.0,2412.0,10.0,3.0,Yes,No
10500,62500.0,4167.0,11.0,1.0,No,No
10504,25500.0,911.0,5.0,2.0,Yes,No
10505,1099200.0000000002,43968.0,59.0,0.0,No,Yes
10508,407000.00000000006,8848.0,54.0,0.0,No,No
10509,59800.0,1173.0,30.0,1.0,No,No
10510,212100.00000000003,16315.0,29.0,1.0,Yes,Yes
10513,40500.0,1446.0,73.0,0.0,No,No
10514,1059600.0000000002,29433.0,26.0,3.0,Yes,Yes
10515,39000.0,684.0,70.0,1.0,No,Yes
10516,184800.00000000003,3300.0,15.0,2.0,Yes,Yes
10519,251000.0,35857.0,32.0,0.0,No,No
10521,319500.0,7793.0,46.0,0.0,Yes,Yes
10522,392400.0,9126.0,16.0,0.0,No,No
10524,42500.0,1371.0,91.0,2.0,No,Yes
10525,310000.0,22143.0,93.0,0.0,No,No
10527,62300.00000000001,1271.0,71.0,1.0,No,Yes
10528,144000.0,4800.0,65.0,1.0,No,No
10535,255600.00000000003,7518.0,95.0,1.0,No,Yes
10536,84500.0,5633.0,62.0,2.0,No,No
10537,284200.0,8359.0,74.0,1.0,No,No
10538,60000.0,1176.0,0.0,1.0,No,Yes
10539,46000.0,4182.0,62.0,1.0,No,No
10540,23000.0,1533.0,11.0,2.0,Yes,No
10543,242900.00000000003,4261.0,6.0,0.0,No,Yes
10545,34400.0,6880.0,5.0,3.0,No,No
10546,329700.0000000001,5995.0,37.0,1.0,No,Yes
10548,0.0,0.0,21.0,0.0,No,No
10551,194800.0,5411.0,29.0,1.0,No,No
10555,348000.0,7250.0,88.0,1.0,No,No
10559,159000.0,4818.0,21.0,4.0,No,Yes
10560,706500.0,18115.0,39.0,3.0,No,No
10561,77700.00000000001,1466.0,21.0,1.0,Yes,Yes
10564,28400.0,526.0,91.0,1.0,No,Yes
10565,93800.0,1876.0,26.0,3.0,Yes,Yes
10566,434500.0,12779.0,8.0,1.0,Yes,No
10567,132300.0,4009.0,72.0,1.0,No,Yes
10569,229200.00000000003,32743.0,1.0,0.0,No,No
10571,41600.0,4160.0,1.0,1.0,No,No
10572,224100.0,5212.0,26.0,0.0,Yes,Yes
10575,82000.0,4316.0,2.0,1.0,No,No
10576,356000.0,7417.0,93.0,1.0,No,Yes
10577,254800.00000000003,42467.0,62.0,1.0,No,No
10578,191400.00000000003,5037.0,35.0,2.0,No,No
10579,564000.0000000001,17625.0,20.0,0.0,No,No
10580,423900.0,30279.0,80.0,4.0,No,No
10584,0.0,0.0,79.0,0.0,Yes,No
10587,196000.0,39200.0,71.0,3.0,No,No
10588,261600.0,5031.0,7.0,0.0,No,No
10589,352000.0,12138.0,33.0,1.0,No,No
10594,283800.0000000001,4893.0,34.0,1.0,No,No
10597,328500.0,9386.0,90.0,0.0,Yes,Yes
10598,194000.0,12125.0,21.0,0.0,No,No
10599,216000.0,5143.0,86.0,1.0,No,Yes
10600,178800.0,7152.0,68.0,3.0,Yes,No
10601,107400.0,4296.0,36.0,1.0,No,No
10602,21400.0,476.0,91.0,2.0,No,No
10605,111000.0,3581.0,20.0,1.0,Yes,No
10606,50800.0,1411.0,14.0,2.0,Yes,No
10610,554400.0,16306.0,67.0,2.0,Yes,No
10611,63800.00000000001,2774.0,56.0,4.0,Yes,No
10612,52400.0,4031.0,13.0,2.0,No,No
10614,74400.00000000001,2976.0,79.0,1.0,No,No
10615,339500.0,28292.0,6.0,1.0,No,Yes
10616,659400.0000000001,15335.0,66.0,0.0,No,No
10620,449900.00000000006,74983.0,28.0,1.0,No,No
10621,316800.0000000001,7920.0,9.0,0.0,No,Yes
10622,573000.0000000001,35813.0,53.0,1.0,No,No
10626,576000.0000000001,26182.0,13.0,3.0,No,No
10630,225000.0,56250.0,93.0,2.0,Yes,No
10631,83100.0,11871.0,94.0,0.0,No,No
10632,65800.0,4700.0,64.0,1.0,No,No
10636,32100.000000000004,606.0,61.0,4.0,Yes,Yes
10637,76200.00000000001,10886.0,6.0,1.0,No,No
10640,1093400.0,28774.0,76.0,2.0,No,No
10641,219000.00000000003,21900.0,87.0,0.0,No,No
10642,400500.0,16688.0,37.0,2.0,No,Yes
10643,278600.0,13267.0,13.0,3.0,No,No
10650,72000.0,14400.0,66.0,1.0,No,No
10651,57400.00000000001,3376.0,42.0,0.0,Yes,Yes
10655,38000.0,6333.0,5.0,3.0,No,No
10656,124800.0,15600.0,11.0,0.0,Yes,No
10657,119400.0,29850.0,46.0,0.0,No,Yes
10662,54200.0,2464.0,72.0,0.0,No,No
10665,88900.00000000001,22225.0,80.0,2.0,No,No
10666,154400.0,5514.0,15.0,1.0,Yes,No
10667,300000.0,7317.0,19.0,2.0,No,No
10670,60000.00000000001,1935.0,39.0,0.0,No,No
10671,144600.00000000006,28920.0,58.0,2.0,No,Yes
10672,904400.0,45220.0,54.0,2.0,Yes,No
10673,54600.00000000001,13650.0,31.0,1.0,No,No
10674,56000.0,1931.0,86.0,1.0,Yes,No
10679,226500.0,6292.0,25.0,0.0,No,No
10681,358000.0,10848.0,0.0,3.0,No,No
10682,69200.0,4613.0,0.0,1.0,Yes,No
10684,577500.0,26250.0,17.0,0.0,Yes,No
10686,363300.00000000006,8449.0,36.0,0.0,Yes,No
10691,0.0,0.0,8.0,0.0,No,Yes
10692,55600.0,13900.0,5.0,0.0,Yes,Yes
10693,129600.0,4320.0,23.0,2.0,No,Yes
10694,481600.00000000006,16053.0,36.0,3.0,Yes,No
10698,193500.0,24188.0,13.0,3.0,Yes,No
10700,80400.0,6700.0,16.0,1.0,No,No
10704,215100.0,4780.0,72.0,3.0,No,Yes
10707,322700.0000000001,21513.0,47.0,1.0,No,No
10709,108000.0,3375.0,12.0,2.0,No,Yes
10713,642600.0000000001,37800.0,17.0,0.0,No,No
10715,39200.0,9800.0,78.0,1.0,No,No
10717,96000.0,2000.0,54.0,1.0,Yes,Yes
10719,241500.0,24150.0,51.0,0.0,No,No
10720,133000.0,7824.0,43.0,0.0,No,No
10721,165600.0,33120.0,83.0,1.0,No,Yes
10722,90800.0,5675.0,2.0,0.0,No,No
10727,420300.0,16165.0,12.0,2.0,No,No
10728,219800.00000000003,4227.0,63.0,0.0,No,No
10730,0.0,0.0,66.0,1.0,Yes,No
10731,112200.0,2439.0,1.0,1.0,No,No
10733,503800.00000000006,14394.0,53.0,0.0,No,No
10735,137200.0,7622.0,42.0,0.0,No,No
10738,64800.0,1137.0,54.0,1.0,No,No
10741,194400.0,3812.0,68.0,4.0,Yes,No
10742,176000.0,4093.0,16.0,1.0,No,No
10743,388000.0,19400.0,40.0,3.0,No,No
10744,52400.0,1747.0,76.0,1.0,Yes,No
10746,40600.000000000015,725.0,20.0,3.0,No,Yes
10747,74700.0,5746.0,88.0,0.0,No,Yes
10749,154400.0,7018.0,12.0,2.0,No,No
10758,403500.0,15519.0,27.0,0.0,No,Yes
10759,76000.0,2533.0,30.0,4.0,Yes,Yes
10761,199000.0,19900.0,14.0,1.0,No,No
10763,770000.0000000001,15098.0,26.0,2.0,No,No
10764,44100.00000000001,2100.0,2.0,1.0,No,Yes
10765,106400.0,2046.0,58.0,1.0,No,No
10767,575900.0,95983.0,76.0,2.0,No,No
10769,88800.00000000001,1675.0,95.0,1.0,Yes,No
10770,60200.00000000001,2736.0,50.0,1.0,No,Yes
10771,66600.00000000001,2896.0,47.0,2.0,No,No
10772,100000.0,1818.0,6.0,2.0,No,No
10773,212800.00000000003,8185.0,77.0,1.0,No,Yes
10777,37500.0,1172.0,88.0,2.0,No,Yes
10780,390000.0,7091.0,45.0,1.0,No,No
10781,97600.0,2568.0,67.0,4.0,No,No
10782,171000.0,3054.0,11.0,0.0,No,No
10783,182000.0,5200.0,55.0,3.0,Yes,No
10784,108500.0,21700.0,45.0,2.0,Yes,No
10785,192000.0,27429.0,14.0,3.0,No,No
10787,71200.0,1618.0,79.0,1.0,No,No
10788,292800.0000000001,4963.0,48.0,1.0,No,Yes
10789,423500.00000000006,16940.0,53.0,1.0,No,Yes
10796,486000.0,15677.0,90.0,2.0,Yes,No
10799,218400.00000000003,8400.0,5.0,1.0,No,No
10800,86800.00000000001,3617.0,11.0,1.0,No,No
10802,209000.00000000003,13063.0,42.0,1.0,No,No
10803,472000.0,23600.0,68.0,0.0,No,No
10804,309000.0,13435.0,95.0,3.0,No,No
10808,49200.0,1171.0,94.0,3.0,Yes,No
10809,415800.0,9240.0,25.0,0.0,Yes,Yes
10810,7900.0,718.0,11.0,0.0,No,Yes
10811,82500.0,2500.0,13.0,2.0,Yes,No
10814,328900.0,5671.0,31.0,1.0,No,Yes
10815,569800.0,10360.0,16.0,1.0,No,Yes
10817,143600.0,5744.0,65.0,0.0,No,No
10818,134400.00000000006,7467.0,16.0,3.0,No,No
10824,258800.0,16175.0,67.0,2.0,No,No
10825,51600.0,4691.0,11.0,1.0,No,No
10827,157200.00000000006,2758.0,62.0,2.0,No,Yes
10828,0.0,0.0,39.0,0.0,No,Yes
10829,322200.0,8479.0,43.0,2.0,No,No
10830,320400.0000000001,8659.0,80.0,3.0,Yes,No
10832,284200.0,4817.0,40.0,3.0,No,No
10834,47600.0,1013.0,90.0,0.0,No,No
10836,140400.0,2600.0,34.0,1.0,No,No
10837,413400.0,20670.0,94.0,0.0,No,No
10840,61000.0,1848.0,32.0,3.0,Yes,No
10841,202000.0,3544.0,43.0,0.0,No,No
10842,34500.0,8625.0,41.0,1.0,No,No
10843,289100.0,9326.0,19.0,1.0,No,No
10845,148200.00000000006,8233.0,88.0,1.0,No,Yes
10846,492800.00000000006,30800.0,80.0,1.0,No,No
10847,0.0,0.0,66.0,4.0,No,Yes
10848,273600.0000000001,9771.0,95.0,1.0,No,No
10849,260400.00000000003,4490.0,22.0,1.0,No,No
10850,108400.0,2581.0,49.0,1.0,No,Yes
10852,175000.0,13462.0,64.0,2.0,No,Yes
10853,57400.00000000001,1400.0,8.0,2.0,Yes,No
10855,592800.0000000001,14459.0,35.0,0.0,No,Yes
10856,458400.00000000006,10660.0,31.0,0.0,No,No
10857,33600.0,3360.0,15.0,2.0,No,No
10858,328800.0,9133.0,0.0,1.0,Yes,No
10862,109800.0,27450.0,2.0,1.0,No,Yes
10863,76800.0,5486.0,20.0,1.0,Yes,No
10866,72800.0,2275.0,73.0,3.0,No,No
10867,145600.0,8565.0,30.0,2.0,Yes,No
10870,88800.00000000001,5224.0,63.0,3.0,Yes,No
10872,103600.0,5756.0,53.0,1.0,Yes,No
10874,48000.0,1846.0,11.0,2.0,Yes,No
10875,77500.0,1938.0,76.0,1.0,Yes,No
10879,291000.0,7865.0,69.0,2.0,No,Yes
10880,438000.0,7821.0,10.0,1.0,No,No
10881,223300.00000000003,14887.0,94.0,2.0,No,No
10882,235000.0,4052.0,81.0,0.0,Yes,No
10883,89400.00000000001,1656.0,1.0,0.0,No,No
10884,795000.0,41842.0,5.0,4.0,No,Yes
10888,425400.00000000006,7210.0,55.0,1.0,No,No
10889,37000.0,1682.0,53.0,3.0,Yes,Yes
10893,55500.0,957.0,24.0,3.0,No,No
10895,18400.0,1227.0,23.0,0.0,No,No
10900,382200.00000000006,54600.0,88.0,0.0,No,No
10901,0.0,0.0,44.0,2.0,Yes,No
10902,58000.0,2636.0,19.0,2.0,No,Yes
10904,123000.0,20500.0,91.0,4.0,Yes,No
10905,12600.0,700.0,5.0,0.0,No,No
10909,560000.0,35000.0,15.0,0.0,Yes,No
10910,214400.0,16492.0,19.0,1.0,No,Yes
10911,473000.0,19708.0,68.0,3.0,Yes,No
10913,188000.0,3917.0,30.0,2.0,No,Yes
10914,68000.0,4250.0,8.0,0.0,No,No
10915,69300.0,6930.0,5.0,4.0,No,Yes
10916,189600.0,27086.0,58.0,0.0,No,No
10917,190200.00000000003,3224.0,42.0,2.0,No,No
10918,384000.0,6857.0,82.0,2.0,Yes,No
10919,279600.0000000001,55920.0,60.0,0.0,No,No
10920,0.0,0.0,25.0,2.0,No,No
10921,128400.0,4012.0,30.0,3.0,Yes,Yes
10922,550500.0,16682.0,80.0,1.0,No,No
10923,49500.0,3808.0,21.0,3.0,No,No
10924,16500.000000000004,289.0,15.0,3.0,Yes,No
10927,107500.0,5119.0,34.0,2.0,No,No
10929,116000.0,2320.0,84.0,2.0,No,No
10931,534300.0,38164.0,53.0,3.0,Yes,No
10933,439000.0,13303.0,92.0,2.0,Yes,No
10942,257600.0,12267.0,19.0,1.0,No,No
10943,92500.0,2102.0,26.0,3.0,No,No
10947,214000.0,5095.0,36.0,0.0,Yes,No
10949,117600.0,29400.0,86.0,3.0,No,No
10951,293500.0,7159.0,56.0,1.0,No,Yes
10952,73500.0,3675.0,16.0,0.0,Yes,No
10954,353500.0,88375.0,85.0,3.0,Yes,No
10955,404300.0,7093.0,68.0,3.0,No,No
10956,185600.0,46400.0,55.0,1.0,No,No
10958,139800.00000000006,4236.0,39.0,0.0,Yes,Yes
10959,240500.0,4373.0,59.0,3.0,No,No
10960,96000.0,2341.0,47.0,0.0,No,No
10961,125500.0,7382.0,24.0,0.0,No,No
10962,141300.0,5652.0,4.0,0.0,Yes,Yes
10963,164800.0,27467.0,6.0,3.0,No,No
10964,208800.00000000003,4094.0,79.0,0.0,No,No
10966,118300.0,2629.0,10.0,2.0,Yes,No
10967,355600.00000000006,22225.0,21.0,3.0,No,No
10968,0.0,0.0,69.0,0.0,Yes,Yes
10969,144400.0,2490.0,8.0,1.0,Yes,No
10970,219600.00000000003,3786.0,48.0,1.0,No,No
10971,187800.00000000003,37560.0,15.0,0.0,No,No
10972,167500.0,4408.0,94.0,2.0,Yes,No
10973,60000.0,1091.0,88.0,2.0,Yes,No
10974,504000.00000000006,12293.0,44.0,1.0,Yes,No
10976,52200.00000000001,5220.0,9.0,1.0,No,Yes
10977,91300.0,1756.0,89.0,1.0,No,Yes
10980,555100.0,11565.0,5.0,1.0,No,No
10981,34600.0,887.0,8.0,1.0,No,Yes
10985,249900.00000000003,16660.0,18.0,0.0,Yes,No
10986,608800.0,27673.0,75.0,1.0,Yes,No
10988,352000.0,6519.0,5.0,2.0,No,Yes
10990,230500.0,7683.0,30.0,2.0,No,No
10993,182000.00000000003,4044.0,4.0,1.0,Yes,No
10994,281000.0,35125.0,8.0,3.0,No,No
10995,273700.0,11404.0,23.0,1.0,No,No
10996,117000.0,2089.0,2.0,1.0,No,No
10997,105300.0,4212.0,75.0,1.0,Yes,No
10999,835900.0,55727.0,85.0,1.0,No,Yes
11000,77000.0,1674.0,8.0,1.0,Yes,No
11002,209000.0,4265.0,19.0,0.0,No,No
11005,191400.00000000003,3753.0,70.0,1.0,No,Yes
11007,156000.0,4727.0,22.0,1.0,No,No
11008,100000.0,12500.0,67.0,0.0,No,Yes
11011,534600.0,19800.0,87.0,1.0,Yes,No
11012,190800.00000000003,19080.0,1.0,2.0,No,No
11016,74400.00000000001,5314.0,45.0,0.0,No,No
11017,184100.00000000003,18410.0,50.0,1.0,No,No
11018,78500.0,19625.0,5.0,1.0,No,Yes
11019,354600.0,6691.0,36.0,1.0,No,No
11022,20400.0,400.0,6.0,0.0,No,Yes
11024,509300.00000000006,25465.0,9.0,2.0,No,No
11025,672000.0000000001,11586.0,0.0,1.0,No,No
11027,338100.0000000001,8453.0,42.0,2.0,No,No
11029,149600.0,6800.0,53.0,1.0,No,No
11030,180000.0,5806.0,29.0,1.0,Yes,No
11031,673500.0,67350.0,89.0,2.0,Yes,Yes
11035,284900.0,13567.0,5.0,4.0,Yes,Yes
11037,442500.0,9620.0,22.0,0.0,Yes,Yes
11038,102400.0,2008.0,75.0,0.0,No,No
11042,326000.0,11643.0,32.0,0.0,No,No
11043,78000.00000000001,1393.0,12.0,0.0,No,No
11044,517200.00000000006,30424.0,73.0,0.0,No,No
11046,96000.0,12000.0,25.0,3.0,No,Yes
11049,94200.0,2004.0,66.0,1.0,No,Yes
11050,187200.0,3467.0,46.0,3.0,No,No
11052,281000.0,17562.0,53.0,4.0,No,No
11053,152400.0,5080.0,2.0,2.0,No,Yes
11054,258300.0,4696.0,69.0,0.0,No,No
11056,52000.0,2000.0,25.0,3.0,No,No
11058,75000.0,1442.0,8.0,4.0,Yes,Yes
11059,1437000.0,62478.0,54.0,0.0,Yes,No
11062,510900.0,12461.0,35.0,0.0,No,No
11064,266000.0,11565.0,19.0,1.0,No,Yes
11066,47100.00000000001,9420.0,48.0,2.0,No,No
11067,28300.0,786.0,76.0,4.0,No,No
11069,115800.0,7238.0,10.0,1.0,No,No
11070,687400.0000000001,57283.0,56.0,2.0,Yes,No
11071,178000.0,5742.0,39.0,0.0,Yes,No
11074,347200.0000000001,5885.0,95.0,1.0,No,No
11075,27800.0,1158.0,25.0,4.0,No,No
11076,36500.0,1921.0,8.0,2.0,No,No
11079,139500.0,5812.0,59.0,1.0,No,No
11080,241200.00000000003,5743.0,17.0,0.0,Yes,No
11082,0.0,0.0,2.0,1.0,No,No
11083,175000.0,4605.0,38.0,3.0,No,No
11084,79600.0,4422.0,46.0,1.0,No,Yes
11088,448500.0,21357.0,10.0,0.0,No,No
11089,57000.0,1500.0,92.0,1.0,No,No
11090,114600.0,16371.0,51.0,2.0,No,No
11096,238000.00000000003,4667.0,86.0,0.0,No,No
11100,445500.0,17820.0,20.0,0.0,No,No
11107,201500.0,12594.0,33.0,0.0,No,No
11108,593400.0000000001,26973.0,1.0,1.0,No,Yes
11109,265300.0,5645.0,43.0,0.0,No,No
11112,125200.0,2782.0,88.0,1.0,No,No
11113,969000.0,31258.0,10.0,0.0,No,No
11114,279900.0,7997.0,73.0,2.0,No,No
11118,164000.0,7455.0,25.0,1.0,No,Yes
11119,229600.0,4175.0,69.0,0.0,No,No
11120,204500.0,4756.0,39.0,0.0,Yes,No
11122,315000.0000000001,10161.0,78.0,3.0,Yes,No
11124,61600.0,4107.0,49.0,2.0,Yes,Yes
11126,31200.0,1486.0,26.0,2.0,No,No
11127,72000.00000000001,14400.0,11.0,3.0,Yes,No
11129,504900.00000000006,12021.0,85.0,2.0,No,No
11130,162800.0,3876.0,12.0,0.0,No,No
11131,618800.0,13452.0,4.0,1.0,No,No
11132,148000.0,18500.0,80.0,3.0,No,Yes
11133,299200.0,8800.0,12.0,0.0,Yes,No
11134,249900.00000000003,6942.0,80.0,1.0,No,No
11135,87800.0,4181.0,6.0,0.0,No,No
11136,195000.00000000003,5571.0,71.0,2.0,Yes,No
11137,190500.0,4885.0,54.0,4.0,No,No
11138,326400.0000000001,21760.0,64.0,0.0,No,Yes
11139,154000.00000000006,3581.0,37.0,3.0,No,No
11145,147500.0,12292.0,76.0,1.0,No,No
11148,423600.00000000006,18417.0,20.0,0.0,No,No
11150,64400.00000000001,2683.0,34.0,3.0,Yes,No
11155,165000.0,7857.0,85.0,3.0,No,Yes
11156,292000.0,36500.0,14.0,4.0,No,No
11157,159200.0,39800.0,87.0,1.0,Yes,No
11158,30800.0,1400.0,12.0,1.0,No,No
11160,88000.0,1517.0,66.0,2.0,Yes,Yes
11161,114600.0,2162.0,21.0,1.0,No,No
11162,692300.0000000001,14730.0,81.0,0.0,Yes,Yes
11163,149600.0,12467.0,82.0,0.0,No,Yes
11164,88400.0,11050.0,5.0,0.0,No,No
11167,69000.00000000001,3000.0,65.0,3.0,No,No
11168,499000.0,12795.0,3.0,3.0,No,Yes
11171,27800.0,591.0,88.0,1.0,No,Yes
11172,276400.0,46067.0,45.0,0.0,No,No
11173,55200.0,1255.0,52.0,0.0,No,No
11175,171000.0,5700.0,37.0,2.0,No,No
11176,132400.0,4904.0,53.0,0.0,No,No
11177,106200.0,4085.0,24.0,0.0,No,No
11178,175500.0,4743.0,88.0,3.0,No,No
11179,223800.00000000003,15986.0,11.0,0.0,No,No
11181,230500.0,5011.0,77.0,1.0,No,No
11182,87600.00000000001,2826.0,55.0,1.0,No,No
11184,130500.0,2373.0,48.0,1.0,Yes,No
11186,396000.0,44000.0,82.0,3.0,No,No
11187,192000.0,3310.0,7.0,1.0,No,No
11188,62100.0,2484.0,19.0,3.0,Yes,Yes
11189,93300.0,4241.0,13.0,1.0,No,No
11191,291300.0000000001,19420.0,20.0,0.0,No,No
11193,39600.0,695.0,5.0,1.0,No,No
11195,238500.0,7694.0,1.0,4.0,No,No
11196,280700.0,11228.0,0.0,0.0,Yes,No
11198,160400.0,8020.0,64.0,1.0,Yes,Yes
11199,1267500.0,55109.0,1.0,1.0,No,No
11202,191400.00000000003,3988.0,73.0,2.0,No,No
11205,224400.00000000003,17262.0,81.0,1.0,No,No
11206,52800.0,1509.0,80.0,1.0,No,No
11207,58400.0,2920.0,4.0,3.0,No,No
11208,222000.0,13059.0,83.0,1.0,Yes,No
11209,130200.0,4200.0,87.0,3.0,No,No
11211,294700.0,58940.0,26.0,3.0,No,No
11212,66500.0,2217.0,56.0,1.0,No,Yes
11213,36000.0,1500.0,60.0,4.0,No,No
11215,106400.0,2728.0,6.0,0.0,No,Yes
11217,361900.00000000006,72380.0,55.0,0.0,No,No
11219,96000.0,1959.0,11.0,2.0,No,No
11221,47200.0,7867.0,38.0,3.0,No,No
11223,164000.0,20500.0,78.0,2.0,No,No
11225,131500.0,2684.0,48.0,1.0,Yes,Yes
11226,244800.0,7200.0,86.0,2.0,Yes,No
11227,183600.00000000003,5738.0,20.0,1.0,No,No
11228,200200.0,3925.0,14.0,1.0,No,No
11229,82400.0,9156.0,20.0,1.0,No,Yes
11231,486000.00000000006,11571.0,3.0,0.0,No,No
11232,59600.0,1987.0,74.0,2.0,No,No
11233,244200.00000000003,17443.0,86.0,2.0,No,No
11234,152000.0,8941.0,37.0,1.0,No,Yes
11236,191200.0,3241.0,47.0,2.0,No,No
11241,76000.0,6909.0,2.0,1.0,No,No
11242,73600.0,2629.0,61.0,0.0,Yes,Yes
11243,910800.0,20700.0,19.0,0.0,No,No
11244,184800.00000000003,5961.0,23.0,1.0,No,No
11245,61200.0,4708.0,63.0,2.0,No,No
11248,294000.0,11760.0,61.0,1.0,No,Yes
11250,82600.00000000001,1558.0,0.0,1.0,No,No
11253,302500.0,7961.0,77.0,1.0,Yes,Yes
11254,148400.0,3620.0,18.0,1.0,Yes,No
11255,235500.0,4806.0,7.0,1.0,No,No
11257,100000.0,25000.0,21.0,0.0,No,No
11258,0.0,0.0,32.0,1.0,Yes,No
11259,0.0,0.0,80.0,1.0,No,No
11260,36000.00000000001,4000.0,10.0,0.0,No,Yes
11262,304500.0,6920.0,31.0,0.0,No,Yes
11265,240500.0,5593.0,86.0,1.0,No,No
11266,288000.0,6545.0,25.0,3.0,No,Yes
11268,502200.00000000006,45655.0,82.0,3.0,No,Yes
11269,109900.0,5233.0,5.0,2.0,Yes,No
11270,635600.0000000001,15133.0,42.0,0.0,No,No
11274,393500.0,39350.0,15.0,4.0,No,No
11279,182400.0,4343.0,46.0,1.0,No,Yes
11282,464500.0,18580.0,27.0,2.0,No,No
11283,9600.0,209.0,94.0,2.0,Yes,Yes
11286,95500.0,2581.0,69.0,3.0,Yes,No
11287,136800.0,5700.0,44.0,0.0,Yes,Yes
11289,250000.0,6757.0,81.0,2.0,No,Yes
11291,111300.0,2140.0,9.0,1.0,No,No
11292,189000.0,17182.0,34.0,0.0,Yes,No
11294,78600.00000000001,2456.0,28.0,1.0,No,No
11296,243600.00000000003,14329.0,53.0,0.0,Yes,Yes
11297,791100.0,21975.0,19.0,0.0,Yes,No
11299,109000.0,3633.0,30.0,0.0,No,No
11303,302000.0,7366.0,81.0,3.0,No,Yes
11305,69200.0,9886.0,5.0,2.0,No,Yes
11306,112700.0,2210.0,34.0,1.0,No,No
11307,0.0,0.0,63.0,0.0,No,No
11310,87600.0,8760.0,55.0,2.0,No,No
11312,176400.00000000003,4768.0,84.0,1.0,No,Yes
11314,248500.00000000003,11295.0,19.0,3.0,No,Yes
11316,11700.0,244.0,35.0,4.0,No,No
11317,27000.000000000004,750.0,23.0,0.0,No,No
11318,117500.0,2176.0,23.0,3.0,Yes,No
11320,167000.0,5567.0,0.0,1.0,No,No
11322,170500.0,5167.0,83.0,3.0,No,No
11324,93000.0,6200.0,4.0,1.0,No,No
11325,235200.00000000003,7127.0,1.0,3.0,No,No
11326,463000.0,13618.0,34.0,1.0,No,Yes
11329,131500.0,3461.0,73.0,1.0,No,No
11330,246000.0,5721.0,43.0,2.0,No,Yes
11331,99600.0,7662.0,6.0,0.0,No,Yes
11334,348600.0000000001,8715.0,38.0,2.0,No,Yes
11337,175500.0,43875.0,95.0,1.0,No,No
11338,191200.0,10063.0,2.0,0.0,No,No
11339,160300.00000000006,2764.0,37.0,1.0,No,Yes
11341,281400.0,31267.0,57.0,0.0,No,Yes
11343,733200.0000000001,16293.0,63.0,1.0,No,No
11344,510400.00000000006,9630.0,22.0,1.0,No,No
11345,13500.0,276.0,56.0,1.0,No,Yes
11347,72800.0,2141.0,4.0,0.0,No,No
11348,216000.0,36000.0,79.0,1.0,Yes,No
11349,140800.0,4400.0,48.0,1.0,No,No
11351,151200.00000000006,13745.0,16.0,1.0,No,No
11354,492000.00000000006,18222.0,4.0,1.0,No,Yes
11356,86000.0,6143.0,38.0,1.0,Yes,Yes
11357,79000.0,2135.0,22.0,0.0,No,No
11358,719200.0,65382.0,14.0,3.0,No,No
11360,126000.0,10500.0,18.0,1.0,No,No
11361,96000.0,1959.0,88.0,2.0,Yes,Yes
11363,337700.0,6892.0,76.0,1.0,No,No
11364,35000.0,1000.0,6.0,1.0,No,No
11365,55200.00000000001,6133.0,4.0,1.0,Yes,No
11367,31800.0,578.0,89.0,2.0,No,Yes
11371,822900.0,22858.0,38.0,2.0,No,No
11373,142500.0,8906.0,24.0,0.0,Yes,No
11374,226800.00000000003,7821.0,9.0,1.0,Yes,No
11375,322400.0,64480.0,25.0,2.0,No,No
11376,67200.00000000001,4200.0,34.0,2.0,Yes,No
11377,611600.0,10366.0,50.0,0.0,No,Yes
11379,126300.0,3827.0,54.0,4.0,No,Yes
11380,46600.0,847.0,29.0,2.0,Yes,No
11385,136000.0,2667.0,2.0,0.0,Yes,No
11388,115500.0,2139.0,52.0,3.0,Yes,No
11389,123600.0,3341.0,47.0,0.0,No,Yes
11393,354000.0,18632.0,30.0,1.0,No,No
11395,125300.0,2198.0,58.0,3.0,No,No
11396,75200.0,3133.0,67.0,2.0,No,No
11398,168500.0,8868.0,50.0,2.0,No,No
11402,199600.0,4990.0,45.0,0.0,No,No
11403,445000.0,15893.0,37.0,1.0,Yes,No
11405,241200.0,18554.0,35.0,0.0,No,Yes
11407,166400.0,3396.0,23.0,0.0,No,Yes
11408,327200.0,11283.0,59.0,3.0,Yes,Yes
11409,85200.0,4484.0,90.0,2.0,No,No
11411,315000.0,16579.0,51.0,0.0,No,No
11412,603000.0,28714.0,68.0,3.0,No,Yes
11414,642000.0,16462.0,33.0,1.0,No,Yes
11415,172400.0,7183.0,60.0,0.0,No,Yes
11416,144000.0,3429.0,29.0,1.0,No,No
11417,150700.0,2740.0,57.0,1.0,No,No
11419,112800.0,5640.0,42.0,0.0,No,No
11421,0.0,0.0,58.0,2.0,Yes,Yes
11422,338100.0000000001,6038.0,40.0,0.0,Yes,No
11423,137400.00000000006,11450.0,26.0,3.0,No,No
11424,89000.0,7417.0,61.0,1.0,No,No
11425,147000.0,5654.0,73.0,3.0,No,No
11426,1030900.0,25772.0,23.0,1.0,No,No
11427,117600.0,2673.0,11.0,1.0,No,No
11428,64800.00000000001,4050.0,77.0,0.0,Yes,No
11430,336700.0000000001,6734.0,4.0,0.0,No,Yes
11433,106800.0,15257.0,10.0,0.0,No,No
11438,196000.0,11529.0,81.0,3.0,No,No
11440,282100.0,31344.0,73.0,2.0,No,No
11441,47200.0,1180.0,58.0,1.0,No,No
11442,246000.0,4316.0,79.0,2.0,Yes,Yes
11443,141600.0,7080.0,30.0,3.0,No,No
11445,456000.0,11692.0,19.0,2.0,No,No
11446,425500.0,12515.0,65.0,0.0,No,No
11448,125400.0,2613.0,46.0,1.0,No,No
11449,479000.0,16517.0,24.0,0.0,No,No
11450,63500.0,1198.0,29.0,2.0,Yes,Yes
11451,595000.0,59500.0,82.0,3.0,Yes,No
11452,130500.0,3434.0,7.0,1.0,No,No
11454,161400.00000000006,9494.0,1.0,1.0,No,Yes
11455,242100.00000000003,17293.0,47.0,1.0,No,No
11458,99600.0,3320.0,31.0,1.0,No,Yes
11459,149100.00000000006,12425.0,52.0,3.0,Yes,No
11465,145200.0,4271.0,11.0,2.0,No,No
11468,155200.0,3609.0,1.0,4.0,No,No
11470,44400.0,2114.0,14.0,4.0,No,Yes
11471,336000.0,6109.0,4.0,3.0,Yes,No
11476,89200.0,9911.0,3.0,1.0,Yes,No
11477,208200.00000000003,6124.0,62.0,0.0,No,No
11478,347600.0,8084.0,33.0,3.0,No,No
11479,194800.0,6088.0,26.0,1.0,No,Yes
11480,616500.0,26804.0,67.0,2.0,No,Yes
11482,228800.00000000003,6729.0,80.0,0.0,No,No
11483,1036500.0,25280.0,92.0,0.0,No,No
11484,91200.0,2682.0,10.0,1.0,No,No
11485,80800.0,1616.0,10.0,1.0,Yes,No
11486,375300.0,8530.0,67.0,2.0,Yes,Yes
11488,247500.0,13750.0,24.0,0.0,No,No
11491,219600.00000000003,4223.0,50.0,0.0,Yes,Yes
11493,70400.0,1853.0,31.0,1.0,No,No
11494,151200.0,4200.0,38.0,0.0,No,No
11496,232500.0,33214.0,26.0,2.0,No,No
11497,330400.0000000001,7509.0,87.0,2.0,No,No
11498,116200.0,2152.0,9.0,2.0,Yes,No
11499,77000.0,1974.0,48.0,1.0,No,No
11501,208800.00000000003,6525.0,33.0,3.0,No,Yes
11502,237000.0,9115.0,55.0,0.0,No,Yes
11503,230000.0,8846.0,59.0,0.0,Yes,No
11507,241200.00000000003,40200.0,84.0,2.0,Yes,Yes
11508,427700.0,8070.0,10.0,1.0,No,No
11509,163800.00000000006,4680.0,49.0,1.0,No,Yes
11510,87600.00000000001,1864.0,52.0,1.0,No,Yes
11512,65600.0,10933.0,76.0,0.0,No,Yes
11515,11300.0,706.0,48.0,1.0,No,Yes
11516,246600.0,4932.0,76.0,0.0,No,No
11517,540100.0,135025.0,51.0,3.0,No,No
11518,442500.0,11645.0,79.0,0.0,No,No
11519,606600.0,86657.0,8.0,3.0,No,No
11520,96400.0,3012.0,22.0,0.0,No,No
11521,426000.0,35500.0,18.0,1.0,No,No
11522,598500.0,17100.0,46.0,1.0,No,No
11523,546000.0,11375.0,88.0,3.0,No,No
11524,390400.0,65067.0,22.0,2.0,No,No
11525,328500.0,5763.0,86.0,0.0,No,No
11526,54300.00000000001,1263.0,65.0,2.0,No,No
11527,192000.0,5818.0,14.0,1.0,No,Yes
11530,185000.0,9737.0,15.0,1.0,No,Yes
11531,278400.0000000001,25309.0,52.0,3.0,No,No
11532,32800.0,965.0,3.0,1.0,No,No
11533,149500.0,29900.0,53.0,0.0,No,No
11534,867900.0000000001,173580.0,47.0,0.0,No,Yes
11535,136800.0,8550.0,30.0,1.0,No,No
11536,179900.00000000003,11244.0,79.0,1.0,No,No
11539,458000.0,13471.0,52.0,1.0,No,No
11541,82400.0,2841.0,60.0,0.0,No,No
11543,271800.0000000001,10067.0,36.0,0.0,No,No
11546,120600.0,13400.0,5.0,0.0,No,No
11550,284700.0,4995.0,50.0,0.0,No,No
11551,124200.0,5400.0,24.0,4.0,No,Yes
11552,476000.00000000006,19040.0,36.0,2.0,No,No
11553,336000.0000000001,37333.0,4.0,1.0,No,Yes
11555,607500.0,19597.0,95.0,3.0,Yes,Yes
11557,358400.00000000006,8145.0,55.0,3.0,No,Yes
11558,68400.0,1629.0,93.0,0.0,No,No
11561,270300.0000000001,20792.0,55.0,1.0,No,Yes
11562,149000.0,9933.0,49.0,1.0,No,No
11563,310000.0,8857.0,18.0,0.0,No,No
11566,79100.0,3042.0,0.0,2.0,No,No
11567,17800.0,356.0,58.0,1.0,No,No
11572,356400.0,7128.0,12.0,0.0,No,Yes
11574,86400.0,10800.0,52.0,0.0,No,No
11575,138500.0,2518.0,52.0,2.0,No,No
11576,105200.0,6575.0,71.0,1.0,No,No
11577,36600.000000000015,893.0,28.0,1.0,No,No
11580,78400.00000000001,3920.0,17.0,3.0,Yes,No
11583,0.0,0.0,34.0,3.0,Yes,Yes
11584,543000.0,22625.0,52.0,1.0,Yes,No
11585,89600.0,4716.0,20.0,2.0,No,No
11588,231600.00000000003,3993.0,45.0,1.0,No,No
11591,494100.0,32940.0,35.0,2.0,No,No
11600,94800.0,4740.0,44.0,1.0,No,No
11602,193500.0,4607.0,48.0,0.0,No,No
11605,172400.0,5224.0,18.0,1.0,Yes,No
11606,207600.00000000003,18873.0,31.0,4.0,No,No
11607,45200.0,1329.0,11.0,1.0,No,Yes
11609,43000.0,915.0,15.0,1.0,No,No
11610,294800.0,32756.0,8.0,2.0,No,No
11614,21600.0,3086.0,0.0,1.0,No,No
11615,444400.00000000006,15871.0,2.0,1.0,No,Yes
11619,64000.0,4923.0,68.0,0.0,No,No
11620,158400.0,3370.0,77.0,4.0,No,Yes
11621,0.0,0.0,36.0,1.0,No,No
11622,1190000.0,22885.0,66.0,1.0,No,No
11624,132300.00000000006,2321.0,24.0,2.0,No,Yes
11625,171500.00000000006,4288.0,90.0,1.0,No,No
11627,194400.0,10800.0,90.0,0.0,No,Yes
11629,0.0,0.0,54.0,1.0,No,No
11632,350100.0,6865.0,38.0,2.0,No,No
11633,97500.0,2216.0,23.0,2.0,No,No
11634,134400.0,11200.0,66.0,0.0,Yes,No
11636,151200.00000000006,5815.0,10.0,1.0,No,No
11638,210500.0,7259.0,18.0,0.0,Yes,No
11639,0.0,0.0,42.0,0.0,Yes,No
11640,59100.00000000001,2273.0,86.0,4.0,Yes,No
11641,0.0,0.0,5.0,1.0,Yes,No
11646,131700.00000000006,2311.0,81.0,1.0,No,No
11648,504900.00000000006,10743.0,93.0,0.0,Yes,No
11650,675500.0000000001,29370.0,28.0,1.0,Yes,No
11651,169200.0,9400.0,2.0,1.0,Yes,No
11653,216000.00000000003,5838.0,10.0,3.0,No,Yes
11654,368400.0,46050.0,34.0,1.0,No,No
11656,99000.0,5500.0,1.0,0.0,Yes,Yes
11657,236700.00000000003,9468.0,87.0,1.0,No,No
11658,743600.0000000001,18590.0,44.0,1.0,No,No
11665,210700.00000000003,4900.0,16.0,0.0,No,Yes
11666,35200.0,1067.0,7.0,1.0,No,No
11669,409000.0,17783.0,56.0,3.0,Yes,No
11671,194400.00000000003,12150.0,70.0,1.0,No,No
11673,125500.0,8964.0,34.0,0.0,No,No
11674,45200.0,962.0,7.0,0.0,No,No
11675,59400.0,1697.0,18.0,2.0,No,No
11680,103800.0,2595.0,25.0,1.0,No,No
11681,40500.0,6750.0,16.0,3.0,No,Yes
11682,280700.0,16512.0,57.0,1.0,No,No
11683,480500.0,22881.0,56.0,1.0,No,No
11684,42700.000000000015,1124.0,60.0,2.0,No,Yes
11685,0.0,0.0,80.0,2.0,No,Yes
11687,245000.00000000003,16333.0,93.0,3.0,Yes,No
11688,385000.00000000006,17500.0,92.0,3.0,No,Yes
11690,16000.0,333.0,59.0,1.0,No,No
11692,45200.0,807.0,66.0,3.0,Yes,No
11695,40000.0,678.0,5.0,1.0,Yes,No
11697,112000.0,1931.0,28.0,0.0,No,No
11698,890400.0000000001,27825.0,21.0,2.0,No,No
11699,85500.0,2375.0,39.0,1.0,Yes,Yes
11702,68000.0,1700.0,18.0,1.0,No,No
11703,392000.0,10889.0,66.0,3.0,No,No
11707,501800.0,19300.0,20.0,1.0,Yes,Yes
11708,54500.0,6056.0,10.0,4.0,Yes,No
11711,124000.0,2102.0,40.0,2.0,Yes,Yes
11713,124200.0,8871.0,52.0,2.0,No,No
11714,158400.0,3684.0,93.0,1.0,No,No
11715,122000.0,8714.0,47.0,2.0,Yes,Yes
11716,543900.0,31994.0,28.0,1.0,No,No
11717,517400.0,9950.0,69.0,0.0,No,No
11718,0.0,0.0,55.0,3.0,No,Yes
11719,184800.0,8800.0,69.0,0.0,Yes,Yes
11726,103600.0,2114.0,36.0,2.0,No,No
11727,224400.00000000003,4580.0,17.0,3.0,Yes,No
11728,19200.0,1011.0,9.0,1.0,Yes,No
11732,186800.0,6441.0,47.0,1.0,Yes,No
11733,220000.0,5000.0,41.0,0.0,Yes,No
11736,17600.0,419.0,84.0,3.0,No,Yes
11737,73500.0,1934.0,48.0,3.0,No,No
11738,258300.00000000003,4613.0,19.0,1.0,No,No
11739,97600.0,2503.0,69.0,1.0,No,No
11742,310800.0,9418.0,26.0,0.0,No,No
11743,108500.0,2214.0,23.0,0.0,No,Yes
11745,152000.0,2667.0,14.0,1.0,Yes,No
11746,116000.0,2698.0,42.0,0.0,No,No
11747,187200.0,6240.0,11.0,3.0,Yes,Yes
11749,113600.0,5410.0,33.0,3.0,No,No
11750,200000.0,15385.0,16.0,1.0,No,No
11751,63800.0,1139.0,49.0,3.0,No,No
11754,186800.0,3663.0,32.0,1.0,No,No
11755,436500.0,8236.0,73.0,2.0,No,No
11757,0.0,0.0,52.0,0.0,Yes,No
11758,525600.0000000001,13832.0,17.0,4.0,No,No
11759,406000.0,19333.0,55.0,0.0,No,Yes
11760,64400.00000000001,1498.0,10.0,3.0,Yes,No
11761,990000.0,21064.0,80.0,0.0,No,No
11765,118800.0,4950.0,26.0,0.0,No,No
11766,366600.0,8729.0,6.0,1.0,Yes,No
11767,193500.0,16125.0,29.0,1.0,Yes,Yes
11769,444000.0,34154.0,79.0,3.0,No,No
11770,384000.0,6621.0,84.0,1.0,No,No
11773,28400.0,5680.0,33.0,3.0,Yes,No
11774,197400.00000000003,49350.0,21.0,1.0,No,No
11776,199600.0,5395.0,21.0,0.0,No,Yes
11777,549000.0000000001,17156.0,53.0,2.0,No,Yes
11778,248400.00000000003,13074.0,91.0,0.0,Yes,Yes
11779,172400.0,15673.0,47.0,4.0,Yes,No
11780,431200.00000000006,28747.0,7.0,0.0,No,Yes
11781,101600.0,9236.0,37.0,1.0,No,Yes
11783,372000.0,9789.0,17.0,1.0,No,Yes
11784,443300.00000000006,9432.0,56.0,0.0,No,No
11785,373000.0,17762.0,46.0,0.0,No,Yes
11786,1132500.0,30608.0,85.0,2.0,Yes,Yes
11787,447000.0,13545.0,90.0,3.0,No,No
11788,86400.0,1630.0,11.0,2.0,No,Yes
11790,93000.0,1898.0,93.0,1.0,No,No
11791,175500.0,4743.0,61.0,1.0,Yes,Yes
11792,117500.0,5875.0,4.0,2.0,No,No
11793,77200.0,2339.0,37.0,1.0,No,No
11796,115700.0,2225.0,10.0,0.0,No,No
11797,0.0,0.0,37.0,0.0,No,No
11801,215600.00000000003,7700.0,88.0,2.0,No,No
11804,130900.0,4363.0,23.0,0.0,No,No
11807,48000.0,1200.0,85.0,2.0,No,Yes
11808,120000.0,2353.0,79.0,1.0,No,Yes
11809,60800.0,2097.0,82.0,1.0,Yes,No
11810,406800.00000000006,50850.0,12.0,2.0,No,No
11811,154800.0,3225.0,3.0,2.0,No,No
11814,365200.0,6190.0,73.0,4.0,No,Yes
11815,53300.0,3331.0,94.0,1.0,No,Yes
11816,636900.0,70767.0,74.0,2.0,No,Yes
11818,190800.0,4770.0,13.0,1.0,No,No
11819,33000.0,589.0,1.0,1.0,Yes,Yes
11820,222000.00000000003,44400.0,80.0,2.0,No,Yes
11823,69000.00000000001,1865.0,28.0,1.0,No,No
11827,17200.0,1012.0,26.0,1.0,No,Yes
11828,37700.0,685.0,11.0,2.0,Yes,No
11830,166800.00000000006,3208.0,4.0,1.0,No,No
11832,118200.0,4925.0,48.0,2.0,No,No
11835,213600.00000000003,5340.0,73.0,2.0,No,Yes
11836,34500.0,841.0,21.0,2.0,No,No
11837,606000.0,13467.0,62.0,3.0,No,No
11838,470500.0,17426.0,8.0,4.0,Yes,No
11839,74500.0,8278.0,86.0,2.0,Yes,Yes
11840,49000.00000000001,3267.0,12.0,1.0,No,No
11842,1165200.0000000002,291300.0,92.0,1.0,No,No
11845,101500.0,2256.0,7.0,4.0,No,No
11846,612500.0000000001,17500.0,43.0,1.0,No,No
11847,79600.0,1592.0,4.0,1.0,No,No
11851,192800.0,16067.0,5.0,0.0,No,Yes
11852,24000.0,511.0,4.0,0.0,No,No
11854,0.0,0.0,92.0,1.0,No,No
11856,129800.0,4636.0,30.0,0.0,No,No
11857,583200.0000000001,18225.0,41.0,0.0,No,No
11858,22000.0,611.0,32.0,3.0,No,No
11859,292800.0000000001,7320.0,41.0,0.0,No,No
11861,71800.0,1355.0,28.0,1.0,No,Yes
11862,276500.0,6011.0,56.0,2.0,No,No
11863,592900.0,34876.0,58.0,2.0,Yes,No
11864,142500.00000000006,17813.0,77.0,1.0,Yes,No
11865,130800.0,5450.0,88.0,0.0,No,No
11866,79600.0,1941.0,11.0,1.0,No,No
11867,66000.0,1941.0,12.0,0.0,No,Yes
11868,79200.00000000001,3960.0,8.0,2.0,No,Yes
11871,142200.0,8888.0,8.0,1.0,No,Yes
11872,388400.0,12138.0,14.0,1.0,No,No
11873,199200.0,9055.0,19.0,3.0,No,No
11874,293300.0,10863.0,61.0,3.0,Yes,No
11875,259500.0,4806.0,87.0,0.0,No,No
11877,97000.0,24250.0,13.0,0.0,No,No
11880,79000.0,2026.0,43.0,1.0,No,Yes
11881,462700.00000000006,8263.0,34.0,0.0,No,No
11882,170400.00000000006,3626.0,11.0,1.0,No,No
11883,80500.00000000001,2064.0,9.0,2.0,No,No
11884,49500.0,884.0,57.0,2.0,No,No
11888,24000.000000000004,522.0,12.0,2.0,No,No
11892,152700.00000000006,5454.0,41.0,3.0,Yes,Yes
11893,16500.000000000004,717.0,45.0,1.0,Yes,No
11894,0.0,0.0,28.0,1.0,No,Yes
11895,76000.0,5846.0,0.0,4.0,No,No
11897,92100.0,13157.0,30.0,1.0,No,No
11898,853000.0,23054.0,21.0,1.0,No,No
11901,481500.0,80250.0,58.0,0.0,No,No
11904,246400.00000000003,4248.0,36.0,1.0,No,Yes
11905,105200.0,6575.0,95.0,2.0,Yes,No
11908,226500.00000000003,37750.0,2.0,1.0,No,No
11910,164800.0,4709.0,87.0,0.0,Yes,No
11911,274500.0,30500.0,37.0,1.0,No,No
11914,169400.0,5294.0,46.0,1.0,Yes,No
11916,204500.0,51125.0,12.0,1.0,No,No
11918,197600.0,13173.0,17.0,1.0,No,No
11920,213000.00000000003,9682.0,10.0,1.0,No,No
11922,115500.0,2139.0,48.0,4.0,Yes,No
11927,406900.0,7398.0,24.0,3.0,No,No
11929,273900.0,8300.0,66.0,1.0,Yes,No
11930,240000.0,5854.0,39.0,1.0,No,No
11931,129600.0,6480.0,0.0,1.0,No,Yes
11932,166000.0,4882.0,49.0,1.0,No,Yes
11934,165200.0,3442.0,12.0,4.0,No,No
11937,508800.00000000006,15900.0,87.0,3.0,No,No
11939,436100.00000000006,20767.0,76.0,4.0,No,No
11940,101400.0,2600.0,49.0,1.0,No,No
11942,118400.0,2277.0,40.0,1.0,No,No
11944,174400.0,2956.0,4.0,1.0,No,No
11945,238500.0,4969.0,3.0,1.0,No,No
11946,393600.0,8200.0,7.0,3.0,No,No
11947,232000.0,6629.0,90.0,3.0,No,No
11949,295400.0,9529.0,45.0,4.0,No,Yes
11952,52400.0,5240.0,18.0,1.0,No,Yes
11953,41600.0,1486.0,30.0,1.0,No,No
11954,113200.0,1952.0,59.0,3.0,Yes,No
11955,511200.00000000006,31950.0,64.0,0.0,No,Yes
11956,939000.0,19562.0,29.0,0.0,No,No
11957,210000.0,16154.0,1.0,0.0,No,No
11959,342300.0000000001,9508.0,43.0,1.0,No,No
11961,93500.0,1764.0,58.0,1.0,No,Yes
11962,172000.0,3909.0,37.0,1.0,No,No
11965,127800.0,4260.0,19.0,2.0,No,Yes
11966,258300.00000000003,5615.0,67.0,1.0,No,No
11967,208800.00000000003,13920.0,17.0,0.0,No,Yes
11968,102000.0,17000.0,75.0,0.0,Yes,No
11969,62400.00000000001,2836.0,14.0,2.0,Yes,No
11970,42000.0,3000.0,49.0,0.0,Yes,No
11972,117600.0,3920.0,8.0,2.0,No,No
11973,202400.00000000003,6325.0,10.0,0.0,No,No
11975,98400.0,2589.0,84.0,1.0,No,Yes
11977,38000.0,1056.0,6.0,1.0,No,No
11980,463500.0,13243.0,69.0,3.0,No,No
11982,143500.0,4629.0,71.0,1.0,No,No
11984,52200.00000000001,4350.0,30.0,0.0,No,No
11985,283200.0000000001,8850.0,50.0,2.0,No,No
11986,0.0,0.0,38.0,0.0,Yes,No
11989,72000.00000000001,1600.0,36.0,2.0,No,Yes
11991,187800.00000000003,6707.0,11.0,1.0,No,No
11995,176400.0,5345.0,0.0,0.0,No,No
11996,139500.0,3402.0,13.0,2.0,No,Yes
11998,100800.0,3055.0,28.0,2.0,No,No
11999,176400.00000000003,2990.0,23.0,1.0,No,No
12000,113600.0,2470.0,80.0,1.0,No,No
12002,210000.0,35000.0,15.0,3.0,No,No
12003,268200.0000000001,33525.0,54.0,1.0,Yes,No
12004,1288500.0,28633.0,59.0,1.0,No,Yes
12008,159000.0,2789.0,53.0,2.0,No,No
12010,153600.0,3339.0,44.0,4.0,Yes,No
12011,85200.00000000001,5012.0,28.0,3.0,No,Yes
12012,155400.00000000006,17267.0,77.0,0.0,No,Yes
12013,33400.0,1670.0,20.0,0.0,No,No
12014,582000.0000000001,10211.0,48.0,1.0,No,Yes
12016,42000.0,4200.0,35.0,1.0,No,No
12019,852000.0,60857.0,59.0,2.0,No,No
12020,25000.0,3571.0,80.0,0.0,No,No
12021,69000.00000000001,1605.0,88.0,2.0,No,Yes
12022,438200.00000000006,13279.0,79.0,0.0,No,No
12023,150400.0,3668.0,18.0,1.0,No,No
12024,148000.0,14800.0,73.0,0.0,No,No
12025,26500.0,631.0,1.0,3.0,Yes,No
12026,47000.0,1175.0,79.0,0.0,No,No
12027,144500.0,9633.0,4.0,1.0,No,Yes
12031,325200.0000000001,9291.0,78.0,1.0,No,No
12033,381600.0,6579.0,34.0,2.0,No,No
12035,168800.0,15345.0,67.0,1.0,No,No
12036,318500.0000000001,6777.0,7.0,0.0,Yes,No
12037,94200.0,5233.0,12.0,3.0,Yes,No
12038,470000.0,8545.0,4.0,1.0,Yes,No
12039,194600.00000000003,6277.0,32.0,1.0,No,No
12040,279000.0000000001,5694.0,0.0,1.0,No,No
12041,524400.0000000001,34960.0,60.0,3.0,No,No
12042,64800.0,5891.0,16.0,2.0,No,Yes
12043,44800.0,862.0,12.0,2.0,Yes,No
12048,70000.0,1373.0,94.0,2.0,No,No
12051,26500.0,2208.0,12.0,0.0,No,No
12053,209600.0,6987.0,74.0,2.0,No,No
12056,356000.0,59333.0,82.0,0.0,No,No
12057,199000.0,33167.0,31.0,0.0,No,No
12059,59700.00000000001,1298.0,4.0,1.0,No,No
12060,180800.0,3616.0,83.0,4.0,Yes,No
12064,428400.00000000006,8083.0,36.0,0.0,No,Yes
12066,608000.0,20966.0,11.0,2.0,No,No
12067,202200.00000000003,5185.0,93.0,3.0,Yes,No
12068,180400.0,12886.0,29.0,0.0,No,Yes
12073,411600.00000000006,41160.0,19.0,0.0,No,Yes
12084,90000.0,1607.0,12.0,3.0,No,No
12088,340600.0,6951.0,62.0,0.0,No,Yes
12092,236400.00000000003,7880.0,9.0,0.0,No,Yes
12097,413000.0,9386.0,92.0,1.0,No,No
12099,309600.0,8846.0,39.0,4.0,No,No
12101,262800.0000000001,6112.0,15.0,1.0,No,No
12102,126000.0,5040.0,74.0,1.0,No,Yes
12103,218000.0,12111.0,53.0,1.0,No,No
12104,29400.000000000004,1960.0,21.0,2.0,No,No
12105,104800.0,3881.0,26.0,0.0,Yes,No
12106,322000.0,16947.0,28.0,1.0,No,No
12107,653800.0000000001,130760.0,40.0,2.0,No,No
12109,93800.0,2680.0,36.0,2.0,Yes,No
12110,195000.0,9750.0,55.0,3.0,Yes,No
12111,197500.0,5486.0,45.0,1.0,No,No
12112,216700.00000000003,4515.0,46.0,0.0,Yes,No
12115,222000.0,22200.0,77.0,2.0,No,No
12117,88000.0,17600.0,54.0,1.0,No,No
12118,222300.0,8550.0,70.0,1.0,No,Yes
12121,119700.0,5441.0,68.0,2.0,Yes,No
12122,111000.0,2921.0,84.0,1.0,No,No
12124,205000.0,25625.0,33.0,2.0,Yes,No
12125,621000.0,13500.0,50.0,1.0,No,Yes
12126,473400.0,18208.0,9.0,0.0,No,No
12128,196000.00000000003,13067.0,57.0,2.0,Yes,No
12129,268200.0000000001,16763.0,30.0,1.0,No,Yes
12130,237000.0,59250.0,17.0,0.0,No,Yes
12131,199500.00000000003,4071.0,16.0,3.0,No,No
12132,89600.00000000001,1906.0,16.0,3.0,No,No
12134,61600.00000000001,1621.0,23.0,2.0,No,No
12135,592900.0,65878.0,77.0,1.0,No,No
12136,77200.0,1404.0,15.0,1.0,No,No
12138,76000.0,15200.0,87.0,1.0,Yes,No
12140,15700.0,506.0,38.0,0.0,No,No
12141,364500.0,7755.0,49.0,2.0,Yes,No
12143,260400.00000000003,9644.0,12.0,1.0,Yes,Yes
12144,77600.0,2587.0,46.0,2.0,No,Yes
12150,247000.0,12350.0,32.0,0.0,No,Yes
12151,143700.00000000006,5748.0,51.0,1.0,No,No
12152,491400.00000000006,9635.0,20.0,1.0,No,No
12153,139100.0,34775.0,7.0,2.0,Yes,No
12154,114000.0,2651.0,71.0,0.0,Yes,No
12155,33000.0,647.0,7.0,3.0,No,No
12156,135100.0,6141.0,20.0,1.0,No,No
12157,112500.0,2885.0,22.0,1.0,No,No
12159,694100.0,23137.0,10.0,4.0,No,Yes
12160,0.0,0.0,25.0,0.0,No,No
12162,304500.0,27682.0,47.0,1.0,No,No
12164,72600.00000000001,3630.0,24.0,0.0,No,No
12166,115500.0,6079.0,76.0,1.0,No,No
12167,89600.0,4716.0,9.0,2.0,No,No
12169,194000.0,38800.0,24.0,2.0,No,No
12172,94200.0,10467.0,75.0,1.0,No,No
12176,391000.0,17000.0,87.0,1.0,Yes,No
12177,66400.0,2459.0,11.0,0.0,No,No
12178,487000.0,21174.0,17.0,0.0,No,No
12179,254100.00000000003,8197.0,39.0,3.0,No,No
12182,235500.0,4282.0,77.0,1.0,No,Yes
12183,138800.0,15422.0,58.0,1.0,No,No
12184,190000.0,6552.0,80.0,2.0,No,No
12185,472000.0,14303.0,30.0,1.0,No,No
12186,33200.0,4150.0,26.0,4.0,No,No
12188,0.0,0.0,43.0,1.0,No,No
12189,16500.0,1031.0,52.0,4.0,No,Yes
12190,38400.000000000015,960.0,20.0,2.0,Yes,Yes
12191,130500.0,5932.0,5.0,1.0,No,No
12193,304500.0,6767.0,26.0,1.0,No,No
12194,0.0,0.0,69.0,1.0,No,No
12197,102000.0,2372.0,86.0,1.0,No,No
12199,271800.0000000001,5128.0,49.0,0.0,No,No
12200,143200.0,2754.0,43.0,1.0,No,No
12201,260400.00000000003,5106.0,60.0,3.0,No,No
12202,237000.00000000003,59250.0,68.0,1.0,No,No
12204,566500.0,10300.0,10.0,2.0,No,No
12205,228900.00000000003,7630.0,65.0,2.0,No,Yes
12206,129000.0,8600.0,62.0,1.0,No,Yes
12209,61500.0,3075.0,22.0,1.0,No,No
12211,38500.000000000015,1328.0,18.0,3.0,No,No
12214,428000.0,12970.0,80.0,2.0,Yes,No
12215,303600.0000000001,5838.0,9.0,0.0,No,Yes
12216,107700.0,7180.0,4.0,0.0,Yes,No
12218,195600.0,4771.0,38.0,1.0,No,No
12219,117600.0,5880.0,59.0,2.0,No,No
12220,120500.0,2410.0,25.0,1.0,No,No
12221,145200.0,11169.0,26.0,1.0,No,Yes
12224,215000.0,5513.0,16.0,1.0,No,No
12229,543000.0,135750.0,44.0,0.0,No,No
12230,51500.0,2341.0,12.0,3.0,No,No
12231,79600.0,5686.0,73.0,2.0,Yes,No
12232,43200.000000000015,982.0,46.0,2.0,No,No
12234,450000.0,9574.0,19.0,1.0,Yes,No
12237,302000.0,8389.0,19.0,1.0,Yes,No
12240,588600.0000000001,73575.0,25.0,0.0,No,No
12243,0.0,0.0,37.0,0.0,No,No
12244,365600.0,7169.0,43.0,1.0,No,No
12245,0.0,0.0,60.0,2.0,No,Yes
12246,0.0,0.0,78.0,1.0,No,No
12247,99600.0,4150.0,50.0,3.0,No,No
12249,153500.0,3489.0,54.0,0.0,No,No
12250,147200.0,6400.0,71.0,0.0,No,No
12251,87400.0,4856.0,95.0,3.0,Yes,No
12255,223000.0,7964.0,54.0,1.0,Yes,No
12256,0.0,0.0,9.0,0.0,No,No
12257,501600.00000000006,100320.0,52.0,2.0,No,No
12258,73000.0,1259.0,69.0,3.0,No,Yes
12262,93600.0,2836.0,70.0,1.0,No,No
12263,534300.0,44525.0,62.0,4.0,Yes,No
12264,90500.0,3481.0,12.0,1.0,Yes,No
12265,174000.0,3955.0,23.0,0.0,No,Yes
12269,552000.0,55200.0,31.0,1.0,No,Yes
12273,35400.00000000001,843.0,38.0,2.0,No,No
12275,142000.0,10923.0,44.0,1.0,No,No
12276,176000.0,8381.0,74.0,0.0,Yes,No
12279,321100.0,5536.0,85.0,3.0,No,Yes
12281,657000.0,16846.0,26.0,1.0,Yes,No
12282,245700.0,6300.0,55.0,0.0,No,Yes
12284,18600.0,775.0,18.0,0.0,No,No
12286,73500.0,1267.0,43.0,1.0,Yes,No
12287,249600.00000000003,16640.0,86.0,2.0,No,No
12290,196800.0,39360.0,13.0,2.0,No,No
12291,42400.0,7067.0,95.0,0.0,No,No
12292,71500.0,1402.0,80.0,0.0,No,Yes
12296,390400.0,7098.0,12.0,1.0,No,Yes
12300,112200.0,2493.0,22.0,1.0,No,No
12302,126000.0,15750.0,81.0,0.0,No,Yes
12305,210000.0,5000.0,85.0,0.0,No,No
12306,96000.0,2909.0,20.0,1.0,Yes,Yes
12307,56700.0,1181.0,19.0,2.0,No,No
12309,48600.0,8100.0,7.0,0.0,Yes,Yes
12311,168500.0,4012.0,60.0,0.0,No,No
12312,182000.0,4919.0,57.0,1.0,No,Yes
12313,324800.0000000001,6128.0,17.0,1.0,No,No
12320,216000.0,54000.0,12.0,0.0,No,No
12321,480500.0,20891.0,49.0,0.0,No,No
12322,253400.00000000003,21117.0,73.0,0.0,No,No
12326,42000.0,724.0,29.0,2.0,No,Yes
12327,97800.0,4657.0,4.0,3.0,No,No
12330,106000.0,8833.0,87.0,0.0,Yes,No
12335,368800.0,30733.0,88.0,0.0,No,No
12336,66000.0,6000.0,80.0,1.0,No,No
12337,219000.00000000003,5919.0,13.0,2.0,No,No
12338,176400.0,4900.0,29.0,0.0,Yes,No
12340,34600.0,1384.0,18.0,1.0,No,No
12341,110600.0,10055.0,51.0,0.0,No,Yes
12343,41600.0,8320.0,85.0,1.0,Yes,No
12345,386400.00000000006,8587.0,87.0,2.0,Yes,No
12347,127400.0,5096.0,57.0,1.0,No,No
12349,204400.00000000003,20440.0,90.0,2.0,No,No
12351,172000.0,7818.0,39.0,1.0,No,No
12354,359600.0,9719.0,62.0,1.0,Yes,No
12356,175200.00000000006,3576.0,39.0,0.0,Yes,Yes
12359,157600.0,6567.0,19.0,0.0,No,Yes
12362,0.0,0.0,89.0,3.0,No,No
12363,264600.0,4485.0,78.0,2.0,No,No
12364,112700.0,9392.0,17.0,0.0,No,No
12365,173000.0,3460.0,11.0,1.0,No,No
12366,180400.0,20044.0,10.0,2.0,Yes,No
12367,235000.0,10217.0,74.0,2.0,Yes,No
12368,166500.0,15136.0,20.0,0.0,No,No
12369,375600.0,6707.0,37.0,2.0,No,No
12370,136500.0,10500.0,19.0,3.0,No,No
12375,287400.0000000001,10644.0,79.0,1.0,No,No
12376,214200.00000000003,53550.0,14.0,0.0,Yes,No
12377,957000.0,27343.0,23.0,0.0,No,No
12383,139800.00000000006,15533.0,0.0,0.0,No,Yes
12384,43600.0,1615.0,30.0,0.0,No,Yes
12385,477400.00000000006,11102.0,21.0,0.0,No,No
12386,31000.0,585.0,64.0,1.0,Yes,No
12388,0.0,0.0,32.0,2.0,Yes,No
12389,37000.0,4625.0,86.0,0.0,No,No
12391,226500.0,7306.0,14.0,0.0,Yes,No
12392,27600.0,657.0,89.0,2.0,No,No
12393,108500.0,3100.0,2.0,2.0,No,No
12395,213000.0,4176.0,24.0,2.0,No,Yes
12396,162000.00000000006,3522.0,49.0,3.0,Yes,No
12397,273000.0,4627.0,38.0,0.0,No,Yes
12401,421200.0,52650.0,61.0,0.0,No,No
12402,316500.0,6880.0,56.0,1.0,No,No
12403,0.0,0.0,72.0,3.0,No,No
12404,630000.0,11455.0,8.0,0.0,Yes,Yes
12408,121500.0,2761.0,40.0,1.0,No,No
12409,166800.0,3707.0,57.0,0.0,Yes,No
12413,31600.0,1756.0,78.0,0.0,No,Yes
12416,225400.00000000003,5498.0,86.0,0.0,No,No
12417,44100.00000000001,2594.0,13.0,1.0,No,Yes
12420,182400.00000000003,3800.0,23.0,1.0,No,No
12421,190800.00000000003,9540.0,2.0,1.0,No,No
12422,304500.0,16026.0,15.0,1.0,Yes,No
12423,827200.0000000001,75200.0,23.0,4.0,No,No
12426,493200.00000000006,8967.0,3.0,0.0,No,No
12427,153000.0,15300.0,56.0,0.0,No,Yes
12428,583500.0,24312.0,35.0,0.0,No,No
12429,214800.00000000003,17900.0,72.0,3.0,Yes,No
12432,400400.0,44489.0,5.0,0.0,No,No
12433,142200.00000000006,2735.0,35.0,1.0,No,No
12434,327600.0000000001,13650.0,15.0,1.0,Yes,No
12442,84000.00000000001,1615.0,15.0,0.0,No,Yes
12443,30400.0,1382.0,5.0,0.0,Yes,Yes
12444,37200.000000000015,2188.0,65.0,3.0,No,No
12448,146000.0,5407.0,68.0,3.0,Yes,Yes
12449,144400.0,16044.0,5.0,2.0,Yes,No
12454,194600.00000000003,4140.0,16.0,4.0,No,Yes
12455,85400.00000000001,3050.0,60.0,1.0,Yes,No
12456,379400.00000000006,29185.0,48.0,0.0,No,Yes
12457,417500.0,11929.0,29.0,0.0,No,No
12459,55500.0,3700.0,31.0,2.0,No,No
12462,508200.00000000006,9965.0,20.0,0.0,No,No
12463,287400.0000000001,10264.0,47.0,1.0,No,No
12464,84400.0,3126.0,84.0,3.0,No,No
12465,99000.0,24750.0,60.0,3.0,No,No
12466,555800.0,46317.0,0.0,1.0,No,No
12467,221200.00000000003,44240.0,44.0,0.0,No,No
12468,328500.0,15643.0,66.0,0.0,No,No
12469,96000.0,4174.0,71.0,1.0,No,No
12470,34000.0,1417.0,66.0,1.0,No,No
12471,117700.0,3923.0,5.0,2.0,Yes,Yes
12472,380400.00000000006,9278.0,76.0,2.0,No,No
12473,24400.0,938.0,11.0,2.0,No,No
12474,533000.0,16656.0,5.0,3.0,No,No
12476,417600.00000000006,7879.0,40.0,1.0,No,Yes
12479,38000.0,2533.0,2.0,3.0,No,No
12480,49600.0,4133.0,47.0,2.0,No,No
12483,219200.0,4567.0,15.0,2.0,No,No
12484,169000.0,3674.0,23.0,1.0,No,No
12485,476100.0,34007.0,18.0,1.0,No,No
12486,50500.0,1804.0,18.0,1.0,No,No
12489,574500.0,63833.0,14.0,0.0,No,No
12490,83600.0,2259.0,5.0,3.0,No,No
12491,211000.0,4907.0,42.0,1.0,No,No
12492,113600.0,2185.0,6.0,3.0,Yes,No
12493,40500.0,844.0,89.0,1.0,No,Yes
12494,12300.000000000002,286.0,78.0,4.0,No,No
12499,114800.0,3703.0,0.0,2.0,No,Yes
12500,40000.0,1111.0,40.0,1.0,No,No
12502,170000.0,3617.0,17.0,1.0,No,No
12503,156400.0,31280.0,52.0,3.0,No,No
12504,426400.0,30457.0,48.0,1.0,No,Yes
12505,228000.0,28500.0,85.0,0.0,No,No
12506,142500.00000000006,11875.0,70.0,3.0,No,Yes
12510,201000.0,4568.0,86.0,1.0,No,No
12511,40000.0,1600.0,9.0,0.0,No,Yes
12513,281500.0,7408.0,59.0,0.0,Yes,No
12514,296000.0,7220.0,40.0,0.0,No,Yes
12515,97300.0,6081.0,15.0,2.0,No,No
12516,201500.0,20150.0,67.0,0.0,No,No
12517,67600.0,1827.0,3.0,3.0,Yes,No
12518,49200.0,6150.0,77.0,2.0,No,No
12520,490000.00000000006,35000.0,5.0,0.0,No,No
12523,173700.0,7552.0,80.0,0.0,No,Yes
12524,177100.0,44275.0,17.0,2.0,Yes,No
12527,20800.0,1300.0,17.0,2.0,No,No
12530,310500.0,62100.0,76.0,2.0,No,No
12534,375100.00000000006,9871.0,20.0,1.0,Yes,Yes
12537,38500.0,700.0,26.0,2.0,Yes,Yes
12539,171000.0,3717.0,10.0,1.0,No,No
12544,46800.0,1170.0,1.0,0.0,Yes,Yes
12546,100800.0,2459.0,0.0,1.0,Yes,No
12548,522000.00000000006,22696.0,91.0,0.0,Yes,No
12549,269500.0,14972.0,5.0,0.0,No,No
12554,133000.0,2830.0,83.0,3.0,No,No
12555,138000.0,9200.0,39.0,3.0,No,No
12558,142800.00000000006,3104.0,58.0,1.0,Yes,No
12560,187200.0,11700.0,14.0,0.0,Yes,Yes
12562,0.0,0.0,2.0,2.0,No,Yes
12563,180400.0,18040.0,37.0,1.0,No,No
12564,8700.0,178.0,42.0,2.0,Yes,No
12565,147000.0,3769.0,29.0,0.0,No,No
12566,127000.0,11545.0,0.0,0.0,Yes,No
12568,286000.0,11000.0,75.0,2.0,Yes,No
12569,70200.00000000001,1463.0,20.0,4.0,No,No
12570,0.0,0.0,35.0,4.0,No,No
12572,227200.0,5826.0,2.0,0.0,No,No
12576,83400.00000000001,4170.0,85.0,0.0,Yes,No
12578,93600.0,11700.0,51.0,2.0,No,Yes
12579,74000.0,2846.0,49.0,1.0,No,Yes
12581,440500.0,24472.0,21.0,1.0,No,No
12583,693000.0,24750.0,81.0,1.0,No,Yes
12585,271600.0,6173.0,89.0,1.0,No,No
12586,0.0,0.0,63.0,1.0,No,No
12587,588900.0,15100.0,2.0,4.0,No,No
12588,162500.0,6250.0,76.0,1.0,No,No
12589,119200.0,5676.0,6.0,0.0,No,No
12590,153600.0,5120.0,78.0,1.0,No,No
12591,131200.0,10933.0,8.0,3.0,Yes,No
12593,127200.0,15900.0,45.0,1.0,No,Yes
12594,240500.0,8907.0,2.0,0.0,Yes,No
12597,183000.0,3155.0,79.0,0.0,No,No
12599,187200.00000000003,3532.0,5.0,1.0,No,Yes
12600,75600.0,1989.0,26.0,1.0,Yes,No
12602,51600.00000000001,1843.0,56.0,0.0,Yes,Yes
12605,176000.0,3259.0,78.0,2.0,No,No
12607,75200.0,9400.0,23.0,0.0,No,No
12608,89600.00000000001,6892.0,37.0,0.0,No,No
12609,60500.0,2161.0,76.0,0.0,No,Yes
12611,421200.0,7947.0,32.0,0.0,No,Yes
12613,75500.0,1987.0,35.0,0.0,No,No
12614,16100.0,366.0,46.0,1.0,No,No
12615,91800.0,4832.0,24.0,2.0,Yes,No
12616,183200.0,4697.0,72.0,1.0,No,No
12617,282800.0,12296.0,64.0,2.0,Yes,Yes
12621,52800.00000000001,3771.0,30.0,2.0,No,No
12623,598000.0,99667.0,20.0,4.0,No,No
12625,5500.0,688.0,30.0,1.0,Yes,No
12626,112200.0,2387.0,77.0,2.0,No,Yes
12630,290000.0,5686.0,2.0,1.0,No,No
12633,144000.0,5143.0,15.0,0.0,No,Yes
12637,57600.0,1340.0,26.0,1.0,No,No
12638,369900.0,16814.0,51.0,0.0,No,No
12642,0.0,0.0,25.0,1.0,No,Yes
12643,98400.0,2659.0,71.0,0.0,No,No
12644,167300.00000000006,23900.0,39.0,0.0,No,No
12646,404800.0,36800.0,9.0,4.0,No,No
12648,13800.0,300.0,81.0,3.0,No,Yes
12652,194400.0,5116.0,15.0,2.0,Yes,No
12653,63600.0,1178.0,21.0,2.0,Yes,No
12654,106000.0,1797.0,41.0,1.0,No,No
12655,251500.0,13237.0,44.0,1.0,Yes,No
12658,197600.0,4391.0,60.0,3.0,No,Yes
12659,164800.0,3583.0,9.0,2.0,No,No
12660,168800.0,3670.0,40.0,0.0,No,Yes
12661,273700.0,15206.0,26.0,2.0,No,No
12662,57900.00000000001,2895.0,93.0,1.0,No,Yes
12664,372000.0,13286.0,28.0,3.0,No,Yes
12667,149000.0,2525.0,77.0,3.0,No,No
12668,69000.0,1255.0,44.0,3.0,No,Yes
12671,85000.0,2833.0,50.0,1.0,No,No
12674,70400.0,4400.0,11.0,1.0,No,No
12678,289100.0,7814.0,29.0,3.0,No,Yes
12681,55500.0,957.0,38.0,1.0,Yes,No
12683,55300.00000000001,937.0,62.0,0.0,Yes,Yes
12685,10400.0,1486.0,16.0,0.0,Yes,No
12686,32200.000000000004,1110.0,46.0,1.0,No,No
12687,317100.0000000001,6342.0,20.0,0.0,No,No
12688,58000.0,1289.0,87.0,1.0,No,No
12691,226000.0,5022.0,20.0,1.0,No,Yes
12695,505400.00000000006,21058.0,82.0,0.0,No,No
12696,752800.0,23525.0,33.0,0.0,No,No
12698,131400.00000000006,3129.0,14.0,1.0,No,No
12701,58800.0,1014.0,89.0,1.0,No,No
12702,46000.0,1095.0,7.0,2.0,No,No
12705,145200.0,3821.0,88.0,3.0,No,No
12706,139000.0,9267.0,33.0,3.0,Yes,Yes
12707,529900.0,33119.0,51.0,3.0,No,No
12708,151900.0,3452.0,57.0,1.0,No,No
12709,160000.0,4571.0,45.0,1.0,Yes,No
12712,159600.00000000006,11400.0,87.0,0.0,Yes,No
12713,110400.0,3943.0,17.0,0.0,No,Yes
12715,325600.0,8140.0,10.0,1.0,No,Yes
12718,184800.00000000003,3624.0,79.0,0.0,No,No
12722,216000.0,6353.0,11.0,2.0,No,No
12724,342300.0000000001,34230.0,12.0,2.0,No,No
12728,272300.0,5138.0,45.0,3.0,No,Yes
12729,112400.0,3512.0,75.0,1.0,No,No
12735,77500.0,4306.0,53.0,1.0,No,Yes
12736,276800.0,25164.0,93.0,1.0,No,Yes
12738,497000.00000000006,12744.0,24.0,0.0,Yes,No
12739,220200.00000000003,18350.0,74.0,3.0,No,No
12741,360000.0,7826.0,73.0,1.0,Yes,No
12742,75000.0,4688.0,61.0,0.0,No,No
12745,57400.00000000001,2296.0,29.0,2.0,Yes,No
12746,234000.0,7548.0,47.0,1.0,No,No
12747,30800.000000000004,994.0,70.0,1.0,Yes,No
12748,263600.0,10138.0,81.0,1.0,No,Yes
12749,228000.0,22800.0,1.0,1.0,No,No
12750,51800.00000000001,7400.0,60.0,1.0,No,No
12751,26000.0,605.0,22.0,1.0,No,No
12753,258000.00000000003,4373.0,88.0,2.0,No,Yes
12754,116200.0,4842.0,47.0,0.0,No,No
12762,0.0,0.0,29.0,2.0,No,No
12763,74000.0,2387.0,81.0,2.0,No,Yes
12764,69000.0,4059.0,91.0,0.0,Yes,Yes
12765,357200.0,17010.0,58.0,0.0,No,No
12766,586300.0,22550.0,8.0,0.0,No,Yes
12767,152100.00000000006,2817.0,50.0,1.0,No,No
12772,43200.0,4320.0,75.0,1.0,No,No
12774,196800.0,3936.0,80.0,1.0,No,Yes
12775,26200.0,624.0,87.0,3.0,Yes,No
12776,83000.0,1596.0,2.0,2.0,Yes,No
12777,229000.0,4241.0,85.0,2.0,Yes,Yes
12778,52500.00000000001,2386.0,85.0,3.0,Yes,No
12779,241000.0,4820.0,13.0,2.0,No,No
12781,125500.0,2324.0,4.0,0.0,No,Yes
12783,621600.0000000001,10905.0,0.0,0.0,Yes,No
12784,85800.00000000001,4516.0,76.0,0.0,Yes,No
12785,206500.00000000003,4802.0,49.0,1.0,Yes,Yes
12786,231400.0,4060.0,23.0,0.0,No,Yes
12787,171200.0,6585.0,25.0,1.0,No,No
12789,63200.0,1470.0,38.0,4.0,No,No
12790,171500.0,42875.0,26.0,1.0,Yes,No
12791,130900.0,2618.0,3.0,4.0,Yes,No
12794,261000.0,4424.0,55.0,0.0,No,No
12795,50000.0,2083.0,48.0,0.0,No,Yes
12797,450500.0,15534.0,86.0,3.0,No,No
12798,396500.0,49562.0,61.0,1.0,No,Yes
12802,80400.0,1576.0,79.0,0.0,No,No
12805,64800.0,4629.0,20.0,1.0,No,No
12807,173000.0,6920.0,26.0,1.0,No,No
12810,75600.0,1482.0,5.0,2.0,Yes,No
12812,273600.0000000001,9120.0,64.0,1.0,No,No
12813,96000.0,12000.0,5.0,2.0,No,No
12816,282400.0,35300.0,51.0,4.0,No,Yes
12817,74500.0,3104.0,5.0,0.0,No,No
12821,74400.0,1378.0,89.0,3.0,No,No
12823,392600.0,9576.0,19.0,2.0,Yes,No
12824,151800.0,6600.0,1.0,3.0,No,Yes
12825,58100.00000000001,1038.0,84.0,1.0,No,No
12826,343800.0,49114.0,10.0,2.0,No,No
12827,0.0,0.0,88.0,3.0,Yes,Yes
12829,193500.0,7442.0,12.0,2.0,Yes,Yes
12831,492000.00000000006,12000.0,51.0,0.0,No,No
12834,107000.0,13375.0,59.0,2.0,Yes,No
12837,149600.0,24933.0,40.0,0.0,Yes,No
12839,44000.0,1419.0,33.0,3.0,No,No
12841,246500.0,27389.0,54.0,1.0,Yes,No
12842,217700.00000000003,10885.0,2.0,1.0,No,Yes
12844,315000.0000000001,9000.0,37.0,1.0,No,No
12846,282800.0,7070.0,73.0,1.0,No,No
12848,642200.0,17839.0,56.0,0.0,No,No
12849,230000.0,5476.0,44.0,1.0,No,No
12850,365600.0,22850.0,24.0,1.0,No,No
12852,447000.00000000006,55875.0,13.0,2.0,Yes,No
12853,37800.0,5400.0,71.0,2.0,No,No
12854,278100.0,16359.0,34.0,1.0,No,No
12855,186900.00000000003,3338.0,73.0,3.0,Yes,No
12856,0.0,0.0,68.0,4.0,No,Yes
12859,217800.0,12812.0,36.0,0.0,No,No
12860,145000.0,2900.0,29.0,1.0,No,No
12863,404600.00000000006,101150.0,10.0,0.0,No,No
12864,391000.0,20579.0,54.0,0.0,No,No
12866,377600.0,31467.0,48.0,1.0,No,No
12869,222600.00000000003,3838.0,45.0,1.0,No,No
12872,191100.00000000003,5621.0,47.0,0.0,No,No
12875,147000.0,3062.0,90.0,1.0,No,Yes
12877,150800.0,6032.0,16.0,1.0,No,Yes
12878,23000.0,575.0,51.0,1.0,No,Yes
12879,298800.0,15726.0,38.0,0.0,No,No
12880,0.0,0.0,37.0,2.0,No,No
12881,84000.00000000001,5600.0,13.0,3.0,Yes,Yes
12883,111800.0,2600.0,50.0,2.0,Yes,No
12885,97000.0,1830.0,5.0,1.0,Yes,No
12888,156400.0,2896.0,54.0,1.0,No,No
12890,433500.0,27094.0,24.0,2.0,No,Yes
12891,91000.0,5353.0,37.0,2.0,Yes,No
12892,191200.0,8313.0,15.0,3.0,No,Yes
12896,214000.0,5095.0,24.0,2.0,Yes,Yes
12898,62000.0,1632.0,26.0,1.0,Yes,Yes
12901,52000.0,2167.0,4.0,2.0,No,No
12903,39400.0,9850.0,18.0,1.0,No,No
12907,211000.0,13188.0,50.0,3.0,No,No
12909,29500.0,2950.0,26.0,0.0,No,No
12910,135000.0,9643.0,2.0,2.0,No,No
12911,517000.00000000006,19148.0,28.0,0.0,No,Yes
12912,470400.00000000006,27671.0,15.0,2.0,Yes,No
12914,228800.0,4237.0,72.0,1.0,Yes,No
12916,288800.0,9316.0,25.0,1.0,No,No
12918,148800.0,3037.0,10.0,2.0,No,Yes
12920,62400.00000000001,2229.0,15.0,2.0,No,No
12921,111300.0,2588.0,81.0,1.0,No,No
12922,210600.0,6017.0,60.0,0.0,No,No
12923,24400.0,938.0,24.0,1.0,No,Yes
12925,21400.0,3057.0,37.0,1.0,Yes,No
12927,1323000.0000000002,34816.0,18.0,0.0,No,Yes
12931,205100.00000000003,5697.0,78.0,0.0,No,No
12933,211800.00000000003,4926.0,68.0,4.0,No,No
12934,697500.0,18355.0,40.0,1.0,No,No
12935,64800.0,3086.0,53.0,3.0,No,No
12936,164000.0,18222.0,55.0,1.0,No,No
12939,705900.0,12384.0,73.0,2.0,No,No
12940,154800.0,11057.0,21.0,3.0,Yes,No
12941,160000.0,3721.0,72.0,1.0,No,No
12944,293000.0,41857.0,25.0,1.0,Yes,Yes
12948,28100.0,1171.0,86.0,1.0,Yes,No
12950,1042600.0,61329.0,47.0,3.0,No,No
12951,30400.0,894.0,88.0,3.0,No,No
12952,272100.0000000001,13605.0,28.0,1.0,No,Yes
12954,81600.00000000001,3022.0,8.0,1.0,No,No
12955,224000.0,5463.0,92.0,2.0,No,No
12957,174600.00000000006,6021.0,10.0,1.0,No,No
12961,722400.0000000001,12244.0,14.0,1.0,No,Yes
12962,62300.00000000001,1113.0,64.0,2.0,Yes,No
12965,325600.0,10503.0,68.0,4.0,No,No
12968,264000.0000000001,4800.0,70.0,2.0,No,No
12976,114300.0,9525.0,65.0,3.0,Yes,Yes
12981,100800.0,3055.0,9.0,0.0,No,No
12983,196000.00000000003,3564.0,78.0,2.0,No,No
12986,140000.0,2917.0,8.0,0.0,No,No
12990,143500.0,20500.0,21.0,0.0,Yes,Yes
12995,534100.0,33381.0,43.0,1.0,No,Yes
12996,763200.0000000001,84800.0,32.0,1.0,No,Yes
12997,13400.0,268.0,8.0,1.0,No,No
12998,0.0,0.0,26.0,2.0,Yes,No
12999,76000.0,2621.0,0.0,1.0,No,No
13001,154800.0,19350.0,81.0,3.0,No,No
13002,90500.0,2105.0,11.0,0.0,Yes,No
13005,0.0,0.0,67.0,3.0,Yes,No
13007,35200.0,1100.0,23.0,4.0,No,No
13010,0.0,0.0,85.0,3.0,No,Yes
13011,183500.0,7978.0,42.0,3.0,No,No
13012,327600.0000000001,5747.0,4.0,1.0,Yes,No
13015,313000.0,24077.0,87.0,1.0,No,No
13017,0.0,0.0,2.0,1.0,No,No
13018,417000.0,8872.0,39.0,0.0,No,No
13023,341900.0,28492.0,79.0,1.0,No,No
13025,552300.0,39450.0,57.0,3.0,No,Yes
13026,70900.0,1611.0,73.0,2.0,Yes,No
13027,63900.0,5325.0,16.0,1.0,Yes,No
13029,46200.00000000001,1711.0,13.0,3.0,Yes,Yes
13030,173600.0,3046.0,77.0,2.0,No,No
13031,114500.0,16357.0,25.0,0.0,No,Yes
13036,410300.00000000006,27353.0,62.0,0.0,No,Yes
13037,550500.0,17758.0,12.0,0.0,No,No
13038,121200.0,2579.0,37.0,1.0,No,No
13040,211000.0,3702.0,34.0,3.0,Yes,No
13041,248400.00000000003,6900.0,86.0,2.0,Yes,Yes
13042,4100.0,158.0,34.0,1.0,Yes,No
13043,68600.0,13720.0,3.0,0.0,No,No
13044,715500.0,34071.0,10.0,0.0,No,Yes
13045,256800.0,5464.0,35.0,0.0,No,Yes
13046,64000.0,1306.0,74.0,0.0,No,Yes
13047,242000.0,26889.0,4.0,0.0,No,No
13049,1345500.0,36365.0,13.0,2.0,No,No
13053,175800.00000000006,10988.0,53.0,1.0,No,No
13062,0.0,0.0,11.0,0.0,No,No
13063,168000.0,12923.0,10.0,0.0,No,Yes
13064,676500.0,17346.0,9.0,0.0,No,Yes
13065,33800.0,676.0,28.0,3.0,No,No
13066,84000.0,1909.0,29.0,2.0,No,No
13067,118000.0,11800.0,91.0,0.0,Yes,No
13069,241500.0,7103.0,10.0,0.0,No,No
13071,107800.0,7700.0,86.0,1.0,No,No
13073,205200.0,29314.0,79.0,2.0,No,No
13075,221000.0,11050.0,12.0,2.0,No,No
13076,83400.00000000001,1774.0,14.0,1.0,No,Yes
13078,151000.0,4081.0,12.0,1.0,Yes,No
13082,256100.0,5227.0,74.0,0.0,Yes,No
13083,173600.0,4133.0,84.0,0.0,No,Yes
13084,113500.0,6306.0,82.0,2.0,No,No
13085,424800.00000000006,16992.0,22.0,0.0,No,No
13088,83000.0,2677.0,47.0,0.0,No,Yes
13089,151200.0,8894.0,29.0,3.0,No,No
13092,117600.0,16800.0,1.0,1.0,No,Yes
13093,73800.0,1342.0,10.0,0.0,No,No
13095,568400.0,9634.0,13.0,0.0,No,No
13097,322000.0000000001,64400.0,4.0,1.0,No,No
13099,66400.0,1620.0,7.0,4.0,No,No
13100,172000.0,3245.0,79.0,0.0,Yes,No
13101,650300.0000000001,24085.0,10.0,0.0,No,No
13102,123500.0,3984.0,87.0,3.0,No,No
13104,122000.0,4880.0,61.0,2.0,No,No
13105,393000.0,7415.0,15.0,3.0,No,No
13106,118300.0,3033.0,89.0,0.0,No,No
13107,200000.0,3448.0,85.0,0.0,Yes,No
13108,54200.0,1153.0,15.0,4.0,No,No
13109,201000.0,8375.0,28.0,0.0,No,No
13111,104300.0,6519.0,14.0,1.0,Yes,No
13115,175000.0,4861.0,12.0,1.0,No,No
13116,565800.0000000001,56580.0,79.0,0.0,Yes,No
13117,102000.0,8500.0,78.0,2.0,No,No
13118,6600.0,471.0,47.0,0.0,Yes,No
13120,322400.0,80600.0,49.0,3.0,No,Yes
13121,162000.00000000006,2842.0,26.0,3.0,No,No
13122,220800.0,4015.0,55.0,1.0,No,No
13123,27600.000000000004,521.0,15.0,1.0,No,No
13124,260700.00000000003,10428.0,37.0,2.0,Yes,No
13127,205500.0,25688.0,41.0,1.0,No,No
13128,282400.0,5648.0,28.0,1.0,No,No
13129,76800.00000000001,1567.0,51.0,3.0,No,No
13130,42300.000000000015,4230.0,74.0,2.0,Yes,No
13131,324000.0,11172.0,82.0,1.0,No,No
13132,40400.0,10100.0,34.0,1.0,Yes,No
13133,347200.0,38578.0,27.0,3.0,Yes,No
13134,110400.0,8492.0,22.0,2.0,No,Yes
13137,267400.0,4775.0,56.0,4.0,No,No
13141,194000.0,38800.0,46.0,0.0,No,No
13142,96000.0,8727.0,57.0,2.0,No,No
13144,1035000.0,51750.0,50.0,3.0,No,No
13149,616000.0000000001,36235.0,6.0,3.0,Yes,Yes
13150,75200.0,2785.0,66.0,2.0,No,No
13151,156800.0,8253.0,73.0,1.0,No,No
13153,278300.0,27830.0,82.0,2.0,No,No
13154,763200.0,14965.0,56.0,3.0,No,No
13155,181500.0,3241.0,14.0,2.0,Yes,No
13157,80400.00000000001,1546.0,18.0,2.0,Yes,No
13158,48500.0,1940.0,5.0,1.0,No,No
13161,73200.00000000001,2928.0,77.0,1.0,No,No
13162,46800.0,900.0,41.0,2.0,Yes,No
13165,25100.0,612.0,24.0,3.0,Yes,Yes
13166,165200.00000000006,16520.0,7.0,0.0,No,No
13168,119400.0,2171.0,93.0,1.0,No,No
13169,577200.0,96200.0,27.0,1.0,No,No
13170,258600.00000000003,6157.0,49.0,0.0,No,No
13176,147600.0,13418.0,80.0,0.0,No,No
13178,92500.0,3700.0,11.0,4.0,No,No
13180,186500.0,9325.0,95.0,3.0,No,No
13181,95200.0,1641.0,95.0,0.0,Yes,Yes
13183,76000.0,1727.0,0.0,2.0,No,Yes
13186,196400.0,6547.0,33.0,3.0,No,No
13187,208800.00000000003,5093.0,37.0,3.0,No,Yes
13189,151600.0,37900.0,49.0,0.0,No,Yes
13192,340800.0,9737.0,9.0,1.0,No,No
13193,397200.0,14186.0,54.0,0.0,No,No
13194,973700.0,27820.0,59.0,0.0,No,No
13195,122700.0,7218.0,27.0,0.0,Yes,No
13198,116500.0,2198.0,85.0,1.0,No,No
13199,97000.0,2853.0,53.0,4.0,No,No
